icmp_seq,time(ms),5_pt_moving_avg,5_pt_moving_std,10_pt_moving_avg,10_pt_moving_std,20_pt_moving_avg,20_pt_moving_std
1,70.8,,,,,,
2,58.3,,,,,,
3,54.9,,,,,,
4,65.2,,,,,,
5,68.9,63.62,6.8240017585,,,,
6,58.0,61.06,5.77780235038,,,,
7,56.3,60.66,6.07807535327,,,,
9,84.8,66.64,11.3856488616,,,,
10,95.4,72.68,17.0381043547,,,,
11,116,82.1,25.396062687,72.86,20.0551572752,,
12,80.2,86.54,21.8178367397,73.8,20.1678512049,,
13,66.6,88.6,18.4797186126,74.63,19.6224955939,,
14,59.5,83.54,22.7505604327,75.09,19.156980161,,
15,60.6,76.58,23.5251354938,74.63,19.4734605724,,
16,69.0,67.18,8.29831308158,74.64,19.4702165713,,
17,67.1,64.56,4.231193685,75.55,18.8074601038,,
18,76.4,66.52,6.86345394098,77.56,17.5538663041,,
19,56.4,65.9,7.74015503721,74.72,18.5230067154,,
20,54.5,64.68,9.13876359252,70.63,17.9561843262,,
21,59.9,62.86,8.96788715362,65.02,8.45771179982,68.94,15.5106211488
22,58.0,61.04,8.8143632782,62.8,6.77708557485,68.3,15.6928411436
24,61.3,58.02,2.70684317979,62.27,6.65299431334,68.45,15.6063246289
25,82.7,63.28,11.1517711598,64.59,9.15453136127,69.84,15.5739458543
26,93.1,71.0,15.9028299368,67.84,12.6733491145,71.235,16.3658590396
27,79.9,75.0,14.8963082675,68.93,13.2402626694,71.785,16.4677763494
28,71.4,77.68,11.996332773,69.36,13.2440510754,72.455,16.146874392
29,70.8,79.58,9.17371244372,68.8,13.0299654643,73.18,15.7027520216
30,57.2,74.48,13.2070814338,68.88,12.9475694845,71.8,15.8399893674
31,54.2,66.7,10.7196082018,68.85,12.9848843746,69.74,15.2783438066
32,59.6,62.64,7.9591456828,68.82,13.0081854572,66.92,10.8552970334
33,57.3,59.82,6.43055207583,68.75,13.0745936839,65.775,10.5851870182
34,56.6,56.98,1.92924855838,68.28,13.4512122543,65.275,10.7785789025
35,60.2,57.58,2.41909073827,66.03,12.6277516253,65.31,10.7599598904
36,56.0,57.94,1.85956984273,62.32,8.59790672199,65.08,10.9139987365
37,56.4,57.3,1.68819430161,59.97,6.11083736761,64.45,11.038759465
39,66.1,59.06,4.28228910748,59.44,5.16617201933,64.4,11.028384431
40,95.6,66.86,16.5700935423,61.92,12.2800470502,65.36,12.8183421212
41,65.9,68.0,16.1890395021,62.79,12.2165143237,65.835,12.6436701451
42,72.4,71.28,14.7471014101,64.61,12.1501211699,66.73,12.4308233203
43,59.0,71.8,14.1239158876,64.55,12.1790576173,66.685,12.4584477786
44,64.8,71.54,14.2663239834,65.3,11.9109660024,67.025,12.3007434521
45,57.7,63.96,5.90533656958,65.41,11.8264721893,66.845,12.4147397539
46,55.5,61.88,6.81300227506,64.94,12.1456164932,65.485,12.0715531203
47,71.7,61.74,6.54469250615,66.51,11.8732612762,64.415,10.3157148896
48,62.7,62.48,6.36411816358,67.14,11.4363164233,63.555,9.65245946297
49,70.2,63.56,7.25244786262,67.55,11.4683380565,63.495,9.60473978387
50,59.9,64.0,6.86440092069,63.98,6.03670255833,62.95,9.47681381056
51,58.1,64.52,6.11735236847,63.2,6.26081286877,62.995,9.45017265228
52,56.2,61.42,5.46141007433,61.58,5.68522451428,63.095,9.36238133225
54,65.5,61.98,5.76081591443,62.23,5.72888393242,63.39,9.33938462979
55,124,72.74,28.8650827125,68.15,20.4228766066,66.725,16.3373925318
56,62.7,73.3,28.5794506595,68.65,20.1985835587,67.03,16.1947392368
57,52.8,72.24,29.3714657448,68.38,20.4108250146,66.66,16.4416480157
58,60.2,73.04,28.8756471789,67.23,20.5266249864,66.87,16.3247342205
59,83.4,76.62,28.816696549,69.3,21.0559571935,68.22,16.5284634877
60,78.7,67.56,12.9484748137,70.15,21.2668364675,68.85,16.682814984
61,57.6,66.54,13.610951473,69.92,21.4020144431,66.95,15.6050093172
62,56.2,67.22,12.814523011,69.73,21.5266785382,66.465,15.7890126687
63,59.8,67.14,12.8704312282,70.09,21.3042223254,65.835,15.7911125904
64,56.8,61.82,9.53425403479,69.22,21.6866984322,65.725,15.8487879331
65,61.5,58.38,2.21404606998,62.97,10.005226412,65.56,15.8760793251
66,54.9,57.84,2.72268250077,62.19,10.3274660762,65.42,15.9611567975
67,54.2,57.44,3.13894886865,62.33,10.1946663615,65.355,16.0062643987
69,85.6,62.6,13.1690926035,64.87,12.5069802733,66.05,16.5874873577
70,81.8,67.6,15.0308017085,64.71,12.2512085572,67.005,16.9307404943
71,91.7,73.64,17.7826600935,66.01,14.4016549975,68.08,17.8043046244
72,87.0,80.06,14.8838167148,68.95,15.456336349,69.435,18.176337278
73,66.4,82.5,9.6721248958,69.97,14.845953433,69.85,17.9977922623
74,60.0,77.38,13.5993382192,69.99,14.8308574713,70.04,17.8656801246
75,53.6,71.74,16.7829675564,69.67,15.1775455489,69.445,18.2194943312
76,57.5,64.9,13.2015150646,69.27,15.4667420975,66.12,13.0834809468
77,55.4,58.58,4.98116452248,69.32,15.4158504288,65.755,13.2842001522
78,72.1,59.72,7.32099719984,71.11,14.4756845933,66.72,12.9913574511
79,71.0,61.92,8.90713197387,69.65,13.5591092792,67.26,12.9303966642
80,70.6,65.32,8.1496625697,68.53,12.8900521506,66.62,12.3951858227
81,68.2,67.46,6.89042814345,66.18,10.0189598041,66.095,12.0748313707
82,101,76.58,13.7252322385,67.58,13.5923834881,68.265,14.1834698078
83,132,88.56,27.7814326484,74.14,24.4517302274,72.055,19.8037071224
84,59.5,86.26,29.987130573,74.09,24.4843464733,72.04,19.8135891698
85,55.5,83.24,32.6046469081,74.28,24.314458433,71.975,19.8682734397
86,59.0,81.4,33.8994837719,74.43,24.2038128309,71.85,19.9453595711
87,57.3,72.66,33.2092306445,74.62,24.0447638098,71.97,19.8449808052
88,63.7,59.0,3.061045573,73.78,24.2880766358,72.445,19.5080948111
89,77.8,62.66,8.99572120511,74.46,24.2967853383,72.055,19.3082059185
90,69.7,65.5,8.39136460893,74.37,24.3143327644,71.45,19.1759031901
91,57.2,65.14,8.77000570125,73.27,24.8670263602,69.725,18.8066022841
92,72.9,68.26,8.02701688051,70.46,22.8947931975,69.02,18.3844785793
93,53.9,66.3,10.2949016508,62.65,8.12844798634,68.395,18.688202724
94,56.0,61.94,8.69959769185,62.3,8.35144698041,68.195,18.8038203005
95,59.2,59.84,7.54937083471,62.67,8.09472393325,68.475,18.615807516
96,55.7,59.54,7.70863152576,62.34,8.32495578901,68.385,18.6759139845
97,64.3,57.82,4.09475273979,63.04,8.14646480928,68.83,18.4549551184
98,163,79.64,46.7278610681,72.97,32.6646274874,73.375,28.0181120931
99,69.1,82.26,45.4199625715,72.1,32.6375380335,73.28,28.0298074425
100,61.2,82.66,45.1742515157,71.25,32.817178767,72.81,28.1556369975
101,54.6,82.44,45.340743267,70.99,32.9508876967,72.13,28.4356725555
102,59.4,81.46,45.8805841288,69.64,33.1399456849,70.05,27.7253541575
103,57.8,60.42,5.42512672663,70.03,32.956572435,66.34,23.6667521619
104,62.6,59.12,3.10998392279,70.69,32.7095449882,66.495,23.6297198014
105,65.4,59.96,4.19141980718,71.31,32.5258000158,66.99,23.490555773
106,58.9,60.82,3.12121771109,71.63,32.3705301505,66.985,23.4923565397
107,57.4,60.42,3.45861243854,70.94,32.616737353,66.99,23.4901972836
108,52.8,59.42,4.84891740495,59.92,4.87938976148,66.445,23.6960906169
109,56.4,58.18,4.61974025244,58.65,3.74558999951,65.375,23.6394602085
110,62.3,57.56,3.47462228163,58.76,3.84366723036,65.005,23.6261112242
111,53.9,56.56,3.70445677529,58.69,3.93317796303,64.84,23.6949117345
112,56.7,56.42,3.67790701351,58.42,3.9715096486,64.03,23.6817740267
113,93.8,64.62,16.5987047687,62.02,11.8495944609,66.025,24.4516036499
114,55.8,64.5,16.6749812594,61.34,12.0066833241,66.015,24.4559598807
115,54.4,62.92,17.2981790949,60.24,12.0969417623,65.775,24.549732017
116,73.4,66.82,16.9508701842,61.69,12.7688379355,66.66,24.4863742991
117,61.8,67.84,16.3318094527,62.13,12.680084998,66.535,24.505429581
118,59.1,60.9,7.55910047559,62.76,12.3163125795,61.34,9.2333149661
119,64.5,62.64,7.07764084989,63.57,12.1162929791,61.11,9.08595793403
120,62.5,64.26,5.46287470111,63.59,12.1141285742,61.175,9.09128414298
121,53.5,60.28,4.25464452099,63.55,12.1502857762,61.12,9.13637034921
122,64.3,60.78,4.609989154,64.31,11.9095153367,61.365,9.15350234955
123,56.1,60.18,5.0568765063,60.54,6.07493941442,61.28,9.19614335641
125,56.0,58.48,4.65424537385,60.56,6.05790576208,60.95,9.26444817569
126,66.7,59.32,5.79931030382,61.79,5.91522517652,61.015,9.30179807179
127,57.3,60.08,5.04598850573,60.18,4.40146440277,60.935,9.3277895503
128,108,68.82,22.3518903004,64.8,15.7939510221,63.465,14.0070386442
129,64.1,70.42,21.4831794667,65.3,15.6721267081,64.03,13.7802719399
130,61.2,71.46,20.7230065386,64.97,15.7254959293,64.27,13.6818396732
131,221,102.32,69.4543519155,80.82,51.696395748,72.205,37.597444972
132,75.8,106.02,66.9023317979,83.05,50.8611890891,73.3,37.3543909911
133,56.4,95.7,70.4084511973,82.26,51.2446896978,73.285,37.3614672737
134,67.7,96.42,70.0218680128,83.42,50.7152793106,71.98,37.0618061309
135,60.7,96.32,70.0850697367,83.89,50.4540373894,72.225,36.9652877711
136,59.1,63.94,7.83536852994,83.13,50.79781382,72.46,36.8607964617
137,57.8,60.34,4.41055552057,83.18,50.7698029235,71.68,37.0046312891
138,65.4,62.14,4.23355642457,78.92,50.2402848541,71.86,36.9627750154
139,66.9,61.98,3.97831622675,79.2,50.1562447646,72.25,36.8620686514
140,57.9,61.42,4.3802967936,78.87,50.2984879384,71.92,36.9645007513
141,55.2,60.64,5.17233022921,62.29,6.49622967574,71.555,37.0982121147
142,54.0,59.88,5.91920602784,60.11,4.92712447129,71.58,37.0855710344
143,69.8,60.76,7.1451382072,61.45,5.5843531407,71.855,37.0491206657
144,58.1,59.0,6.2868911236,60.49,5.20265957628,71.955,37.0070331153
145,56.5,58.72,6.37863621788,60.07,5.35123038811,71.98,36.9958546753
146,60.4,59.76,6.07807535327,60.2,5.3408280673,71.665,37.0699236153
147,85.9,66.14,12.1898728459,63.01,9.61762849032,73.095,37.0382373543
148,54.3,63.04,12.9722010469,61.9,9.94607683685,70.41,36.3140526663
149,58.2,63.06,12.9627543369,61.03,9.84005984625,70.115,36.3918914479
150,61.4,64.04,12.5205031848,61.38,9.77841159562,70.125,36.3893401829
151,55.4,63.04,13.0714574551,61.4,9.76456177545,61.845,8.08471429694
152,74.1,60.68,7.98980600515,63.41,10.1338212602,61.76,7.93787721855
153,61.9,62.2,7.15157325349,62.62,9.88520780426,62.035,7.83704260816
154,56.5,61.86,7.42448651423,62.46,9.97900017258,61.475,7.81104986542
155,56.3,60.84,7.8420660543,62.44,9.99246382697,61.255,7.89553338087
156,57.6,61.28,7.51545075162,62.16,10.0946850702,61.18,7.92415361577
157,58.9,58.24,2.29303292606,59.46,5.68881944402,61.235,7.9032488323
158,76.1,61.08,8.46002364063,61.64,7.40873358499,61.77,8.53679959753
159,75.6,64.9,10.0396713094,63.38,8.47726370948,62.205,9.01994719322
160,63.8,66.4,8.93280471073,63.62,8.44890525453,62.5,8.96807202187
161,57.9,66.46,8.85962753167,63.87,8.21232813113,62.635,8.872208234
162,57.6,66.2,9.1512294256,62.22,7.56024690955,62.815,8.72306531106
163,64.2,63.82,7.29122760583,62.45,7.58437721753,62.535,8.57568625457
164,55.6,59.82,3.91943873533,62.36,7.66771007393,62.41,8.6615241153
165,56.4,58.34,3.40411515669,62.37,7.65898890919,62.405,8.66514342214
166,67.8,60.32,5.38627886393,63.39,7.63230706347,62.775,8.73274991355
167,65.2,61.84,5.49799963623,64.02,7.47897794562,61.74,6.87730057202
168,57.7,60.54,5.56848273769,62.18,6.35588965711,61.91,6.72402604961
169,56.7,60.76,5.34162896503,60.29,4.44458472001,61.835,6.77575204604
170,66.6,62.8,5.2062462485,60.57,4.76679487007,62.095,6.85745656394
171,57.7,60.78,4.71773250619,60.55,4.77964433823,62.21,6.75783366098
172,60.7,59.88,4.04499690976,60.86,4.66623807556,61.54,6.1542796406
173,54.6,59.26,4.65435280141,59.9,4.8851248136,61.175,6.34531530468
174,59.9,59.9,4.42888247756,60.33,4.64807008935,61.345,6.25842379686
175,76.6,61.9,8.55073096291,62.35,6.69083120563,62.36,6.9994285481
176,64.5,63.26,8.2512423307,62.02,6.46989610083,62.705,6.92208327327
177,60.1,63.14,8.30198771379,61.51,6.39191329381,62.765,6.89250355554
178,52.9,62.8,8.76127844552,61.03,6.8720124822,61.605,6.46939963049
179,52.5,61.32,9.92179419258,60.61,7.28216237727,60.45,5.87398367469
180,59.1,57.82,5.0982349887,59.86,6.97650023691,60.215,5.82673285723
181,69.5,58.82,6.90593947266,61.04,7.54530022965,60.795,6.15240432249
182,55.5,57.9,6.99857128277,60.52,7.74780255585,60.69,6.22726602172
183,63.4,60.0,6.69178600973,61.4,7.49636949166,60.65,6.20606664143
184,74.2,64.34,7.58834632842,62.83,8.47808285457,61.58,6.77686466862
185,65.8,65.68,7.00049998214,61.75,7.10590521249,62.05,6.7244643692
186,57.1,63.2,7.48832424512,61.01,7.17270288432,61.515,6.66832852094
187,70.5,66.2,6.58217289351,62.05,7.75632358502,61.78,6.92292910324
188,57.4,65.0,7.67626211121,62.5,7.28255144545,61.765,6.93255288286
189,56.0,61.36,6.43840042247,62.85,6.81782793694,61.73,6.96117806122
190,58.1,59.82,6.01805616458,62.75,6.88593574695,61.305,6.90746926008
191,60.0,60.4,5.82709189905,61.8,6.4954685059,61.42,6.86329673738
192,67.4,59.78,4.4968878127,62.99,6.30016754627,61.755,6.98867316674
193,57.1,59.72,4.53839178564,62.36,6.56407732367,61.88,6.87540238057
194,54.8,59.48,4.80801414307,60.42,5.44789459843,61.625,7.04518312488
195,58.5,59.56,4.78257252951,59.69,5.12649978055,60.72,6.12240062996
196,63.8,60.32,5.15722793756,60.36,5.18784905117,60.685,6.10161971594
197,74.6,61.76,7.90272105037,60.77,6.15088972787,61.41,6.84465984699
198,59.1,62.16,7.65460645625,60.94,6.07036517298,61.72,6.57399982387
199,58.3,62.86,6.9399567722,61.17,5.90368058455,62.01,6.26661160857
200,55.5,62.26,7.51684774357,60.91,6.10763638589,61.83,6.40477617835
201,58.2,61.14,7.64611012215,60.73,6.16370199006,61.265,6.1872768434
202,67.7,59.76,4.64198233517,60.76,6.2003942527,61.875,6.19038941042
203,113,70.54,24.1827004282,66.35,17.4774298899,64.355,13.0111885051
204,56.1,70.1,24.4792769501,66.48,17.3865720856,63.45,12.9195282625
205,56.2,70.24,24.376689685,66.25,17.518577441,62.97,13.0056708279
206,55.1,69.62,24.7953019744,65.38,17.8663432807,62.87,13.0607527791
207,60.0,68.08,25.1804884782,63.92,17.6240870528,62.345,12.9484595711
208,60.0,57.48,2.34029912618,64.01,17.5990182807,62.475,12.9091919516
209,59.5,58.16,2.33302378899,64.13,17.5598057443,62.65,12.8403352965
210,58.0,58.52,2.08014422577,64.38,17.4406804149,62.645,12.8422196393
211,60.3,59.56,0.918150314491,64.59,17.3705018158,62.66,12.8391424537
212,56.7,58.9,1.51492574075,63.49,17.4994888814,62.125,12.8541566081
213,61.4,59.18,1.8593009439,58.33,2.18482137587,62.34,12.8015377366
214,61.3,59.54,2.09594847265,58.85,2.21371984577,62.665,12.6819919986
215,57.9,59.52,2.11471038206,59.02,2.04656894446,62.635,12.6930679382
216,72.4,61.94,6.2026607194,60.75,4.36431234242,63.065,12.8789209666
217,68.5,64.3,5.95021008032,61.6,4.98553463086,62.76,12.66177006
218,57.8,63.58,6.57396379668,61.38,5.11094685726,62.695,12.6848635451
219,54.4,62.2,7.78492132266,60.87,5.55458769347,62.5,12.7855592883
220,57.9,62.2,7.78492132266,60.86,5.56041565193,62.62,12.7275333534
221,56.9,59.1,5.44104769323,60.52,5.70064323856,62.555,12.7545853468
222,56.8,56.76,1.41173651933,60.53,5.69328063988,62.01,12.7560470696
223,55.8,56.36,1.32400906341,59.97,5.87084131771,59.15,4.39263738065
225,66.1,58.7,4.20297513673,60.45,6.17976087276,59.65,4.59181193453
226,75.6,62.24,8.55821243017,62.22,7.71287523849,60.62,5.73214389947
227,61.1,63.08,8.09672773409,61.09,6.83332520325,60.92,5.58311363799
228,57.4,63.2,7.98404659305,59.98,6.38258046039,60.79,5.63568517293
229,58.2,63.68,7.48445054764,60.02,6.36863843812,60.7,5.66327039607
230,55.8,61.62,8.0481053671,60.16,6.24556731699,60.515,5.76406974281
231,83.3,63.16,11.4216023394,62.7,9.5271541746,61.78,7.65056585455
232,56.8,62.3,11.7720006796,62.69,9.53396851031,61.605,7.725860538
233,101,71.02,20.2966007006,67.11,15.113162034,63.82,11.6163949476
234,53.3,70.04,21.1698606514,66.86,15.3400130378,63.415,11.8441757839
235,52.9,69.46,21.6908506057,65.54,15.9677591832,62.995,12.0699049401
236,59.2,64.64,20.4910468254,63.9,15.658934262,63.06,12.0444964501
237,56.4,64.56,20.5300511446,63.43,15.8219994522,62.26,11.9222216227
238,56.6,55.68,2.60518713339,63.35,15.8578581992,61.665,11.891318151
239,63.4,57.7,3.89486841883,63.87,15.7551437809,61.945,11.8614135574
240,59.7,59.06,2.84569850828,64.26,15.580486371,62.21,11.7425855666
241,68.2,60.86,4.99279480852,62.75,14.2008020118,62.725,11.769446394
242,56.2,60.82,5.03805518032,62.69,14.2299722808,62.69,11.7887055671
243,54.5,60.4,5.54030685071,58.04,4.77986517708,62.575,11.8601888243
244,57.3,59.18,5.38395765214,58.44,4.49819716973,62.65,11.8197648921
245,54.9,58.22,5.6874423074,58.64,4.26281075765,62.09,11.912660227
246,56.7,55.92,1.1882760622,58.39,4.29947025161,61.145,11.5279739855
247,57.8,56.24,1.46560567684,58.53,4.24998039211,60.98,11.55224289
248,148,74.94,40.8564927521,67.67,28.5352043779,65.51,22.5772102141
249,59.7,75.42,40.6107990564,67.3,28.6205831139,65.585,22.5541284586
250,58.0,76.04,40.2411853702,67.13,28.6757369372,65.695,22.5092139029
251,150,94.7,49.579431219,75.31,38.8699383986,69.03,29.2012815148
252,56.9,94.52,49.7482361496,75.38,38.8323118607,69.035,29.1990856922
253,55.8,76.08,41.3476359663,75.51,38.7567470829,66.775,28.3311224628
254,66.1,77.36,40.809349419,76.39,38.3955567453,67.415,28.1547280315
255,68.7,79.5,39.8086045975,77.77,37.7804196789,68.205,27.9469134912
256,58.0,61.1,5.87579781817,77.9,37.7020188083,68.145,27.9685438907
257,57.6,61.24,5.75786418735,77.88,37.7139172661,68.205,27.9432973792
258,56.4,61.36,5.62076507248,68.72,28.8801662045,68.195,27.9477044533
259,60.1,60.16,4.95711609709,68.76,28.8665588913,68.03,27.9872170069
260,57.8,57.98,1.33865604245,68.74,28.8749102933,67.935,28.0201858629
261,57.2,57.82,1.3827508814,59.46,4.37980212643,67.385,28.1224816416
262,57.8,57.86,1.37767920794,59.55,4.33031946474,67.465,28.0912474663
263,62.5,59.08,2.21065601123,60.22,4.20206298541,67.865,27.9535380493
264,66.8,60.42,4.15716249382,60.29,4.31520567297,68.34,27.8450675969
265,55.5,59.96,4.6209306422,58.97,3.3727832226,68.37,27.8301445804
266,85.0,65.52,11.7284696359,61.67,8.85752034526,69.785,27.924847924
267,64.1,66.78,11.0080425145,62.32,8.7636623496,70.1,27.8178662771
268,60.0,66.28,11.303848902,62.68,8.56514902251,65.7,20.962673594
269,71.2,67.16,11.5235845118,63.79,8.90610901448,66.275,20.9471484054
270,52.8,66.62,12.2471221109,63.29,9.40607959425,66.015,21.0870694977
271,57.4,61.1,6.97853852895,63.31,9.39189366777,61.385,7.40065964343
272,59.1,60.1,6.79705818719,63.44,9.31584075051,61.495,7.34664083639
273,58.7,59.84,6.82663899734,63.06,9.43518238651,61.64,7.25638738593
274,62.7,58.14,3.57393340733,62.65,9.34323879129,61.47,7.18588528773
275,64.5,60.48,2.98529730513,63.55,9.0053379232,61.26,7.0229998089
276,62.8,61.56,2.53535007445,61.33,4.95581588753,61.5,6.98765829309
277,56.8,61.1,3.21169737055,60.6,5.03940031706,61.46,7.01340070677
278,57.2,60.8,3.54471437495,60.32,5.15294953293,61.5,6.98524761269
279,58.6,59.98,3.46871734219,59.06,3.4590300503,61.425,7.00908245365
280,67.3,60.54,4.46407885235,60.51,3.58033207647,61.9,7.07210978719
281,64.0,60.78,4.64456671822,61.17,3.55154113653,62.24,6.99732279631
282,56.6,60.74,4.68806996535,60.92,3.79321030849,62.18,7.04239791698
283,53.9,60.08,5.47695170693,60.44,4.36582689126,61.75,7.2803629175
284,56.0,59.56,5.7682753055,59.77,4.49272251041,61.21,7.28660631426
285,56.1,57.32,3.87517741529,58.93,4.29083001554,61.24,7.26305720754
286,58.4,56.2,1.60779351908,58.49,4.06979387957,59.91,4.64779517621
287,59.8,56.84,2.29630137395,58.79,4.04185051128,59.695,4.54202308275
288,71.5,60.36,6.43062982918,60.22,5.63319526458,60.27,5.25468212269
289,61.7,61.5,5.95189045598,60.53,5.61942068979,59.795,4.60371417559
290,59.6,62.2,5.33151010503,59.76,5.09143070921,60.135,4.3010739173
291,69.2,64.36,5.58864921068,60.28,5.79018326327,60.725,4.69724163178
292,54.6,63.32,6.96397874781,60.08,5.96336966637,60.5,4.88326896551
293,54.9,60.0,5.9762028078,60.18,5.85563356473,60.31,5.02874892886
294,56.2,58.9,6.09015599143,60.2,5.84009132349,59.985,5.07597799755
295,56.6,58.3,6.15142259969,60.25,5.80311219184,59.59,5.01313012839
296,57.1,55.88,1.08489630841,60.12,5.86340818599,59.305,4.98296836075
297,55.7,56.1,0.845576726264,59.71,6.02927119237,59.25,5.01802015897
298,66.6,58.44,4.59053373803,59.22,5.09068866767,59.72,5.25072426082
299,58.9,58.98,4.41667295597,58.94,5.01557573963,59.735,5.24778399347
300,54.5,58.56,4.78414046617,58.43,5.19701837595,59.095,5.05355268468
301,75.2,62.18,8.67162037914,59.03,6.70589293085,59.655,6.13132380314
302,61.6,63.36,7.93996221653,59.73,6.55575235109,59.905,6.10206824299
303,59.7,61.98,7.83498564134,60.21,6.33481561601,60.195,5.93725747427
304,58.8,61.96,7.84493467149,60.47,6.20395035441,60.335,5.86571438643
305,59.6,62.98,6.90811117455,60.77,6.06704211292,60.51,5.78436185808
306,55.8,59.1,2.11187120819,60.64,6.16751345537,60.38,5.86296134982
307,59.7,58.72,1.67541039748,61.04,5.9369277502,60.375,5.8635246271
308,56.4,58.06,1.83521115951,60.02,5.74877764785,59.62,5.30080430838
309,61.0,58.5,2.26936114358,60.23,5.74167029511,59.585,5.28864473735
310,55.6,57.7,2.47991935353,60.34,5.62913058217,59.385,5.36315647436
311,68.7,60.28,5.21315643349,59.69,3.80100863807,59.36,5.31595414023
312,54.8,59.3,5.77927331072,59.01,4.02311377473,59.37,5.30670876295
313,59.5,59.92,5.55220676848,58.99,4.019798226,59.6,5.20141681103
314,56.7,59.06,5.67476871775,58.78,4.08514925608,59.625,5.18539193058
315,54.3,58.8,5.89830484122,58.25,4.30484223482,59.51,5.28063991338
316,58.0,56.66,2.17324641953,58.47,4.22112412621,59.555,5.26282643693
317,56.6,57.02,1.92275843517,58.16,4.23456674945,59.6,5.23188604415
318,56.6,56.44,1.33529023062,58.18,4.22579381103,59.1,5.0004210349
319,57.6,56.62,1.43596657343,57.84,4.10885223227,59.035,5.01159445161
320,55.9,56.94,0.847348806572,57.87,4.09173964633,59.105,4.95436808866
321,54.7,56.28,1.07098085884,56.47,1.62757488307,58.08,3.29043270231
323,57.8,56.52,1.27553910171,56.77,1.56066225259,57.89,3.18448541658
324,60.1,57.22,2.05353354002,56.83,1.6839437837,57.91,3.19768008011
325,58.6,57.42,2.14639232201,57.02,1.7725060727,57.9,3.19506197947
326,54.5,57.14,2.46231598297,57.04,1.7392207706,57.645,3.25519422979
327,59.4,58.08,2.17876111586,57.18,1.87604785535,57.825,3.24732683587
328,57.7,58.06,2.18242983851,57.29,1.87050201223,57.725,3.21720293684
329,56.6,57.36,1.90866445453,57.29,1.87050201223,57.735,3.21317599891
330,59.6,57.56,2.11258135938,57.49,2.00911810393,57.665,3.15298939187
331,57.6,58.18,1.28140547837,57.66,1.92999712147,57.765,3.11554253111
332,55.5,57.4,1.51822264507,57.74,1.80628532261,57.105,1.79574790166
333,58.7,57.6,1.62941707368,57.83,1.83184788306,57.3,1.74325768847
334,54.7,57.22,2.08014422577,57.29,1.88352506399,57.06,1.7548129305
335,55.8,56.46,1.64103625798,57.01,1.87524813173,57.015,1.77594304081
336,58.4,56.62,1.81024860171,57.4,1.69181033873,57.22,1.68010024764
337,57.6,57.04,1.72713635825,57.22,1.54474017952,57.2,1.67269086709
338,55.7,56.44,1.51426549852,57.02,1.60402272081,57.155,1.70153955056
339,58.9,57.28,1.47207336774,57.25,1.69918281012,57.27,1.73935862347
340,58.4,57.8,1.26293309403,57.13,1.55066294067,57.31,1.75646175442
341,57.7,57.66,1.21778487427,57.14,1.55434873822,57.4,1.72626765016
342,56.0,57.34,1.42933550995,57.19,1.5029230778,57.465,1.64165353098
343,59.9,58.18,1.45842380672,57.31,1.67494610195,57.57,1.72903989178
344,60.9,58.58,1.90971202017,57.93,1.74741078297,57.61,1.79850815371
345,57.0,58.3,2.0408331632,58.05,1.62155617986,57.53,1.78770655781
346,57.8,58.32,2.03396165156,57.99,1.61826381588,57.695,1.63947199459
347,59.4,59.0,1.58271917913,58.17,1.6693644832,57.695,1.63947199459
348,57.8,58.58,1.56268998845,58.38,1.4405245958,57.7,1.63964052543
349,56.1,57.62,1.21737422348,58.1,1.59234278833,57.675,1.66096832886
350,57.3,57.68,1.18617030818,57.99,1.6072405614,57.56,1.59914450813
351,72.6,60.64,6.78991899804,59.48,4.88098350745,58.31,3.72430141807
352,656,179.96,266.200155898,119.48,188.573126399,88.335,133.664734848
353,59.5,180.3,266.006137147,119.44,188.587210595,88.375,133.655519015
354,97.4,188.56,261.793187459,123.09,187.679345042,90.51,133.430139024
355,56.1,188.32,261.944110451,123.0,187.71477181,90.525,133.426048412
356,53.3,184.46,264.208086553,122.55,187.893748048,90.27,133.495531563
357,55.9,64.44,18.5563466232,122.2,188.027663449,90.185,133.517967547
358,62.5,65.04,18.4045646512,122.67,187.854595366,90.525,133.43416226
359,56.4,56.84,3.39823483591,122.7,187.842806623,90.4,133.466514626
360,71.8,59.98,7.41869260719,124.15,187.3371604,91.07,133.330985462
361,57.0,60.72,6.73921360397,122.59,187.8782966,91.035,133.340297833
362,66.4,62.82,6.49322724075,63.63,13.1341835596,91.555,133.216699107
363,57.1,61.74,6.98984978379,63.39,13.2395409454,91.415,133.253183136
364,55.3,61.52,7.21366758314,59.18,5.8603754146,91.135,133.326541263
365,56.5,58.46,4.49588700926,59.22,5.83834070796,91.11,133.333325482
366,56.6,58.38,4.53177669353,59.55,5.55282710778,91.05,133.349372939
367,481,141.3,189.899223274,102.06,133.25551229,112.13,158.949015659
368,63.2,142.52,189.241504433,102.13,133.232604034,112.4,158.856429719
369,73.4,146.14,187.319320947,103.83,132.691631236,113.265,158.580593075
370,54.6,145.76,187.548415083,102.11,133.263193635,113.13,158.631884696
371,145,163.44,181.097896178,110.91,132.858299201,116.75,158.484325972
372,91.8,85.6,35.9805503015,113.45,132.15373413,88.54,94.9083236325
373,61.0,85.16,36.3346666422,113.84,131.974595198,88.615,94.8847571087
374,55.0,81.48,38.6796070301,113.81,131.989414138,86.495,95.1514387147
375,62.5,83.06,37.4488718121,114.41,131.713295119,86.815,95.0545509584
376,61.3,66.32,14.538466219,114.88,131.492287902,87.215,94.9228344499
377,54.7,58.9,3.740989174,72.25,27.9217259097,87.155,94.9440470959
378,54.7,57.64,3.91382166175,71.4,28.3538749067,86.765,95.0665931417
379,56.5,57.94,3.71321962722,69.71,28.7226759044,86.77,95.0649146636
380,56.7,56.78,2.70037034497,69.92,28.6073727871,86.015,95.2498447298
381,60.1,56.54,2.20635445928,61.43,11.0758044604,86.17,95.2026542089
382,510,147.6,202.597161875,103.25,142.948182142,108.35,134.087428274
383,60.1,148.68,201.991613687,103.16,142.978018513,108.5,134.028743971
384,76.6,152.7,199.887480849,105.32,142.3313099,109.565,133.667904564
385,87.1,158.78,196.673935741,107.78,141.720270643,111.095,133.20285865
386,61.7,159.1,196.474438541,107.82,141.705749903,111.35,133.097884439
387,66.5,70.4,11.3393121485,109.0,141.262702477,90.625,100.881842688
388,53.2,69.02,13.177139295,108.85,141.327549017,90.125,101.049565092
389,60.0,65.7,12.8776938929,109.2,141.187763083,89.455,101.210590641
390,76.8,63.64,8.7660139174,111.21,140.498702643,90.565,100.929554771
391,56.7,62.64,9.31090758197,110.87,140.640171675,86.15,100.352680713
392,63.7,62.08,9.10258205126,66.24,10.639569749,84.745,100.466058552
393,56.2,62.68,8.44612337111,65.85,10.9564035056,84.505,100.531479621
394,56.8,62.04,8.81322869328,63.87,10.5804904318,84.595,100.504477381
395,55.7,57.82,3.3161724925,60.73,6.96053158889,84.255,100.594618853
396,56.6,57.8,3.32490601371,60.22,7.06757855752,84.02,100.656537425
398,90.3,63.12,15.1999013155,62.6,11.8240808898,85.8,100.425264173
399,68.6,65.6,14.7947625868,64.14,11.461064523,86.495,100.246645698
400,87.3,71.7,16.4540268627,66.87,13.4450362588,88.035,99.997875109
401,71.1,74.78,13.9630584042,66.3,13.0935098427,88.755,99.8120521939
402,63.6,76.18,11.8801094271,66.99,12.7075174601,88.93,99.7622231002
403,67.6,71.64,9.1614955111,67.38,12.6550648622,66.81,11.3940381456
404,58.8,69.68,10.8644834208,67.64,12.4244561696,66.745,11.4379550528
405,56.0,63.42,6.18239435818,67.56,12.5043281396,65.715,11.4313177856
406,60.6,61.32,4.46676616805,68.05,12.0766303247,64.39,10.3021663537
407,57.7,60.14,4.49310583005,68.16,11.9652459695,64.19,10.3955405419
408,52.8,57.18,2.96513068852,64.41,9.96454269453,63.505,10.6827196912
409,54.4,56.3,3.0166206258,62.99,10.3070040911,63.565,10.6250089783
410,59.5,57.0,3.32039154318,60.21,5.77378173778,63.54,10.6344227567
411,57.7,56.42,2.73623829372,58.87,4.34333461243,62.585,10.2309270558
413,79.8,60.84,10.9230490249,60.49,7.88267439106,63.74,10.8186194274
414,74.6,65.2,11.2572199055,61.19,8.83722555758,64.285,11.0877018168
415,83.5,71.02,11.7875782076,63.66,11.2243980289,65.65,11.7033283615
416,86.6,76.44,11.3900395083,66.72,12.943535495,67.14,12.3939034249
417,65.0,77.9,8.48469209813,67.16,12.7862078472,67.605,12.1133886345
418,58.9,73.72,11.8108848102,67.28,12.6928501309,67.72,12.0139217489
419,59.9,70.78,13.2758050603,67.99,11.9709323873,66.2,10.8759512591
420,69.0,67.88,11.2284014891,69.45,10.9784890683,66.22,10.8809635796
421,55.7,61.7,5.27399279484,69.07,11.418119129,64.64,9.90982500244
422,56.2,59.94,5.36497903071,68.92,11.5926030056,63.895,9.95857075985
423,57.5,59.66,5.46836355777,66.69,11.4105652796,63.59,10.0609667841
424,68.2,61.32,6.68408557695,66.05,11.0926652443,63.62,10.0744387332
425,61.4,59.8,5.20048074701,63.84,9.28382105242,63.75,10.0256250625
426,55.1,59.68,5.32419007925,60.69,5.1082612828,63.705,10.0641874198
428,66.8,61.8,5.68990333837,60.87,5.30493480953,64.015,10.0589983283
429,56.7,61.64,5.85004273489,60.65,5.43961804215,63.965,10.0944630472
430,80.2,64.04,10.1184484977,62.68,8.21067056403,65.335,10.3553838019
431,66.8,65.12,10.0542031012,62.46,8.05042441945,65.955,10.0323935854
432,64.6,67.02,8.4582504101,63.35,7.70458016738,66.21,9.92391582306
433,52.3,64.12,10.7325206732,62.96,8.19012956077,65.94,10.2361793859
434,56.8,64.14,10.7153161409,62.89,8.24478960044,64.79,9.88299443222
435,69.3,61.96,7.1451382072,63.0,8.33039948355,64.525,9.67497450017
436,55.2,59.64,7.06349771714,62.38,8.68585056284,63.11,8.78203309395
437,57.3,58.18,6.51513622267,62.6,8.50699058944,61.645,6.89931155986
438,69.2,61.56,7.06278981706,62.84,8.67092203222,61.855,7.06864648698
439,61.6,62.52,6.56254523794,63.33,8.42022037189,61.99,7.03494286065
440,67.8,62.22,6.19935480514,62.09,6.3079227079,62.385,7.13252557322
441,61.3,63.44,4.9460084917,61.54,6.08754648625,62.0,6.96245570713
443,62.4,64.46,3.74272627906,61.32,6.00385061625,62.335,6.80272971526
444,86.5,67.92,10.7176023438,64.74,9.19011546294,63.85,8.52139721679
445,66.9,68.98,10.1851362288,65.75,8.76574773384,64.32,8.41124560523
446,66.2,68.66,10.2563638781,65.44,8.6806553772,64.22,8.37449762829
447,57.2,67.84,11.1194873983,65.64,8.43816725757,64.01,8.50064393846
448,58.2,67.0,11.7726377673,65.73,8.34360034198,64.165,8.35667240498
449,56.3,60.96,5.15296031423,64.44,8.73552135441,63.64,8.51082283115
450,54.7,58.52,4.48185229565,63.75,9.24256457916,63.54,8.60785443039
451,58.5,56.98,1.54175224988,62.82,9.257645489,62.455,7.71911332514
452,64.6,58.46,3.76071801655,63.15,9.25625914359,62.345,7.66945239245
453,55.5,57.92,3.99399549324,62.46,9.57023162381,61.89,7.79749622433
454,58.4,58.34,3.89011567951,59.65,4.52038592256,62.195,7.51689150479
455,56.9,58.78,3.47807417977,58.65,3.78454459318,62.2,7.51314637293
456,55.7,58.22,3.74926659495,57.6,2.78048756716,61.52,7.45192310043
458,71.2,59.54,6.61989425897,59.0,5.10751080926,62.32,7.59519238521
459,68.9,62.22,7.25720331808,60.07,5.96937554895,62.9,7.634478578
460,67.5,64.04,7.20055553412,61.19,6.2285097201,62.815,7.56983452506
462,76.6,67.98,7.69005851733,63.38,7.4276959191,63.565,8.16296353564
463,72.3,71.3,3.51069793631,64.76,7.69735885439,63.79,8.34580890722
464,56.4,68.34,7.54141896462,63.94,8.14032486384,63.545,8.49337047969
465,53.8,65.32,9.91196246966,63.77,8.3511875403,63.115,8.76766037327
466,57.4,63.3,10.3749698795,63.67,8.42826593474,61.66,6.897856265
467,56.0,59.18,7.4513086099,63.58,8.51297049605,61.115,6.89265627507
468,58.2,56.36,1.66973051718,63.83,8.28962537687,60.715,6.81370716007
469,54.2,55.92,1.92665513261,62.13,8.35318302605,60.565,6.92723648096
470,57.6,56.68,1.60374561574,61.0,8.09595234944,60.535,6.93930642674
471,55.8,56.36,1.58366663158,59.83,7.89515322489,60.51,6.95624671939
473,72.6,59.68,7.39134629144,59.43,7.00191243717,61.405,7.31181272074
474,73.5,62.74,9.4935767759,59.55,7.25277724584,62.155,7.75408041988
475,70.0,65.9,8.51997652579,60.91,7.84721465093,62.425,7.9355877307
476,69.4,68.26,7.17412015511,62.47,7.82730974076,63.12,7.90580066853
477,69.7,71.04,1.87429986928,63.7,7.90808306594,63.685,7.95436159733
478,56.0,67.72,6.75847615961,63.7,7.90808306594,63.64,7.99719687733
479,54.6,63.94,7.9055676583,63.34,8.26037394903,63.585,8.05822724399
480,59.4,61.82,7.26993810152,63.86,7.77019948264,62.995,7.90179693088
481,58.0,59.54,5.96975711399,63.9,7.73534456605,62.45,7.84880145057
482,57.4,57.08,1.84715998224,64.06,7.56383206817,61.945,7.83168161011
483,53.5,56.58,2.451938009,62.15,7.5792479838,60.79,7.23746829827
484,59.5,57.56,2.44192546979,60.75,6.46017715615,60.15,6.71302739769
485,56.7,57.02,2.22193609269,59.42,5.66427400467,60.165,6.70453695563
486,62.4,57.9,3.31134413796,58.72,4.63244595819,60.595,6.54880262258
487,66.8,59.78,5.12708494176,58.43,3.90186565063,61.065,6.64405353443
488,57.4,60.56,4.13315859846,58.57,3.82943279815,61.135,6.59507591433
489,56.1,59.88,4.60401998258,58.72,3.68323529281,61.03,6.66065430641
490,136,75.74,33.9530263747,66.38,24.7365586397,65.12,17.8917975914
491,203,103.86,64.5653002781,80.88,49.4406220745,72.39,35.5257490013
492,124,115.3,61.3443558936,87.54,50.4026498422,75.8,37.088301461
493,208,145.42,62.7640980179,102.99,61.308608241,82.57,47.3982244837
494,437,221.6,126.274700554,140.74,119.837567844,100.745,92.2288314038
495,278,250.0,117.900381679,162.87,122.985817159,111.145,99.9810164876
496,62.5,221.9,145.43142714,162.88,122.976743962,110.8,100.144416772
497,101,217.3,149.605982501,166.3,120.457608957,112.365,99.7119602972
498,312,238.1,155.117858417,191.76,121.781901593,125.165,108.168325333
499,77.9,166.28,118.91012152,193.94,119.252497761,126.33,107.491679482
500,75.3,125.74,105.044052664,187.87,123.980455897,127.125,107.028416664
501,177,148.64,100.178904965,185.27,123.900507128,133.075,106.288524285
502,199,168.24,98.0930833443,192.77,122.035523517,140.155,105.696842929
503,223,150.44,69.3479127299,194.27,122.335341037,148.63,105.177124289
504,65.6,147.98,72.7015268065,157.13,93.4152860439,148.935,104.913569816
505,69.1,146.74,74.286660983,136.24,86.4828460833,149.555,104.375064954
506,83.8,128.1,76.4567851796,138.37,84.709005818,150.625,103.540929487
507,87.8,105.86,66.1565416267,137.05,85.4555927563,151.675,102.749582532
508,79.8,77.22,9.52428475005,113.83,60.5551181432,152.795,101.785432082
509,72.6,78.62,7.73576111317,113.3,60.9265860597,153.62,101.024466031
510,127,90.2,21.3241646964,118.47,59.5210896331,153.17,101.127075348
511,146,102.64,32.0850120773,115.37,56.8828044706,150.32,100.449765398
512,80.7,101.22,33.048630834,103.54,49.3619556609,148.155,101.507948742
513,301,145.46,92.2445011911,111.34,71.5237210069,152.805,106.405661083
514,367,204.34,122.956610233,141.48,105.528551166,149.305,97.3298324743
515,255,229.94,115.954163358,160.07,107.712849228,148.155,95.8538936145
516,209,242.54,107.68035104,172.59,105.107378428,155.48,94.5525840889
517,540,334.4,128.91780327,217.81,151.577017094,177.43,126.722893292
518,287,331.6,129.972304742,238.53,144.617365255,176.18,125.442457347
519,377,333.6,130.727961814,268.97,137.680338708,191.135,130.822713604
520,344,351.4,123.192126372,290.67,129.686802635,204.57,132.091882296
521,426,394.8,95.6226960507,318.67,125.127846177,217.02,140.803732756
522,451,377.0,65.3184506859,355.7,98.9287622484,229.62,150.076270434
523,167,353.0,112.011160158,342.3,114.940612685,226.82,150.727270609
524,64.4,290.48,168.34206842,312.04,143.899557562,226.76,150.795048781
525,98.6,241.4,183.89230544,296.4,158.542220104,228.235,149.308685104
526,230,202.2,152.999281044,298.5,157.39081577,235.545,145.392664243
527,215,155.0,72.0387395781,266.0,133.763605746,241.905,141.314511025
528,343,190.2,111.538244562,271.6,135.895678944,255.065,137.63117867
529,503,277.92,152.731241074,284.2,151.678724795,276.585,141.201715641
530,544,367.0,151.883178792,304.2,172.23302045,297.435,148.547569113
533,109,342.8,185.162631219,272.5,176.44540232,295.585,150.746906314
534,456,391.0,174.6467864,273.0,177.013596465,314.35,145.869961916
535,393,401.0,172.631109595,295.6,176.402544703,318.95,146.873964946
536,63.2,313.04,214.607800417,295.48,176.577617809,303.76,157.003487725
537,367,277.64,178.556288044,322.32,163.21982995,309.36,157.170100277
538,310,317.84,151.704409956,330.32,160.123291386,314.41,155.388240089
539,480,322.64,157.439982215,356.82,160.844340211,311.41,151.329858952
540,307,305.44,152.450214824,353.22,161.58917593,312.41,151.226111293
541,425,377.8,74.8311432493,345.42,155.316692957,314.81,152.679030029
542,244,353.2,96.3830898031,315.42,141.012795322,309.81,153.308913807
543,457,382.6,102.158210634,350.22,126.616988504,311.36,154.695893185
544,70.5,300.7,155.021611397,311.67,147.753398532,292.335,159.927741167
545,62.8,251.86,187.587840757,278.65,163.604572403,287.125,165.814629775
546,134,193.66,164.114374751,285.73,154.524992944,290.605,161.570250242
547,359,216.66,180.20288011,284.93,154.077556589,303.625,155.667580626
548,88.1,142.88,123.934688445,262.74,165.612876579,296.53,162.292640492
549,199,168.58,118.371626668,234.64,147.502694514,295.73,162.754461819
550,88.3,173.68,113.107015698,212.77,151.734366209,282.995,168.716584138
551,117,170.28,114.840223789,181.97,134.103517644,263.695,164.243524185
552,196,137.68,55.8694639316,177.17,132.48584872,246.295,150.874519055
553,326,185.26,92.4290971502,164.07,105.462969278,257.145,148.261470578
554,414,228.26,138.799092216,198.42,125.615098173,255.045,145.569623331
555,440,298.6,139.254443376,236.14,136.525335052,257.395,148.268268511
556,361,347.4,95.6232189377,258.84,136.527182479,272.285,142.584077782
557,65.8,321.36,149.634046928,229.52,143.910788724,257.225,147.86252817
558,83.3,272.82,183.324690099,229.04,144.441916046,245.89,152.228754113
559,430,276.02,186.516975099,252.14,157.027111601,243.39,148.547755568
560,282,244.42,163.78938305,271.51,146.140620636,242.14,148.088794132
561,434,259.02,179.298443942,303.21,143.253655761,242.59,148.686168613
563,606,367.06,195.761124844,344.21,166.022852845,260.69,169.450597986
564,632,476.8,143.830455746,374.81,188.91508057,269.44,184.013564717
565,653,521.4,159.420199473,398.71,208.524416103,298.565,196.540431825
566,603,585.6,87.173964003,415.01,218.254318781,325.575,199.530952288
567,651,629.0,23.8432380351,444.01,229.269062942,351.425,206.763966307
568,623,632.4,20.7557221026,499.73,191.782909967,364.625,215.514832497
569,547,615.4,43.5063213798,546.1,123.982480841,387.57,208.850402517
570,287,542.2,147.659066772,531.8,145.278888885,391.97,205.569786076
571,592,540.0,146.604911241,562.8,116.221818567,417.155,197.088098054
572,514,512.6,132.82808438,570.8,108.893219869,437.005,184.880634251
573,541,496.2,120.256808539,564.3,108.497875043,454.255,177.143478793
574,469,480.6,117.03546471,548.0,109.436942777,461.405,174.561412734
575,253,473.8,131.223854539,508.0,136.539778494,453.355,180.474726252
576,405,436.4,114.72488832,488.2,135.585807189,451.605,180.780473081
578,473,428.2,109.120117302,470.4,122.931959501,457.205,179.556660094
579,592,438.4,123.708528404,467.3,118.9837057,483.515,156.221634983
580,491,442.8,125.447997194,461.7,116.098664936,503.9,124.662027308
581,618,515.8,87.998295438,494.8,107.632915246,513.3,125.878429238
582,480,530.8,68.6563908169,483.6,102.078618939,523.2,113.950866605
583,475,531.2,68.240017585,479.7,101.531658993,525.25,112.622740061
584,550,522.8,61.0958263714,480.6,102.173273305,522.45,111.196589781
585,514,527.4,58.930467502,485.1,102.595700581,516.55,108.167255966
586,436,491.0,43.0464865001,503.4,66.603636871,505.7,104.583937581
587,588,512.6,59.9316277103,521.7,61.5088972787,504.95,103.901002984
588,391,495.8,81.1307586554,513.5,73.0969675614,491.95,100.887365544
589,399,465.6,83.9660645737,494.2,75.5068797454,480.75,97.9644806738
590,525,467.8,85.677885128,497.6,76.1098621147,479.65,97.3027153838
593,680,516.6,123.968947725,503.8,88.5209328665,499.3,96.0241745878
594,530,505.0,118.196869671,508.8,88.4393075002,496.2,93.8501605304
595,508,528.4,100.196307317,512.1,87.6501251821,495.9,93.7998428907
596,533,555.2,70.4322369374,510.4,86.9957853385,495.5,93.6142701673
597,515,553.2,71.6358848623,510.5,87.0009578491,497.8,93.4939345063
598,477,512.6,22.4343486645,514.6,84.0148135086,509.0,74.0120900508
599,424,491.4,42.758624861,498.2,84.1015259473,509.95,72.7175320929
600,522,494.2,44.5387471759,511.3,75.289146333,512.4,72.2309162558
601,548,497.2,48.163264009,526.2,64.5769136594,510.2,70.3237625483
602,467,487.6,48.5108235345,520.4,67.2461481755,509.0,70.871269511
603,613,514.8,73.0184908088,513.7,50.9379797183,508.75,70.4742394145
604,618,553.6,63.6498232519,522.5,60.7275335687,515.65,74.1699861272
605,541,557.4,61.8328391714,525.8,60.7486625367,518.95,73.7331425872
606,518,551.4,64.3762378522,524.3,60.7363153311,517.35,73.3702040484
608,708,599.6,74.7683087946,543.6,83.7551988436,527.05,84.8326370909
609,469,570.8,93.6626926796,542.8,84.4969427455,528.7,83.2751305518
610,880,623.2,169.365580919,588.4,126.075109888,543.3,114.108028224
611,472,609.4,180.202108756,583.4,129.933487258,547.35,109.773103311
612,420,589.8,197.16034084,570.6,139.742779579,548.4,108.370903067
613,434,535.0,194.149426989,567.3,142.816937993,543.85,111.276457528
614,441,529.4,196.913178838,550.1,146.997694615,531.9,108.688787975
615,467,446.8,22.1291662744,535.0,147.003401321,528.75,109.655381225
616,390,430.4,28.3072428894,519.9,153.911554689,522.85,113.922076323
617,513,449.0,45.249309387,519.4,153.926533703,521.85,113.916070212
618,537,469.6,58.2820727154,502.3,139.46568674,522.95,113.952656374
619,560,493.4,67.2852138289,511.4,140.019205032,527.1,113.702242722
620,489,497.8,65.8308438348,472.3,53.5372144712,530.35,111.507977057
621,404,500.6,60.1523066889,465.5,57.7335835252,524.45,115.038883587
623,691,536.2,105.160353746,492.6,89.0907153162,531.6,120.875490529
624,674,563.6,121.931538168,516.6,102.819366961,541.95,123.877900412
625,699,591.4,135.94594514,542.4,113.550967509,546.25,127.901226281
626,684,630.4,126.894838351,564.1,118.181075755,549.55,130.671333384
627,565,662.6,55.3290158958,581.6,101.285295631,550.75,130.698880517
628,647,653.8,53.1384982851,595.0,100.057761096,557.2,132.172375488
629,589,636.8,58.3969177269,600.2,98.0394478429,551.25,127.626871861
630,615,620.0,47.0,605.7,97.071623042,558.55,126.847805616
631,535,590.2,43.372802538,610.3,91.8779988173,541.3,101.822911288
632,560,589.2,44.1497451861,625.9,61.0199420955,545.7,100.564250214
633,764,612.6,89.8237162447,633.2,72.886212688,562.9,107.136852965
634,709,636.6,97.6334983497,636.7,75.8434791748,576.65,107.369639441
635,776,668.8,113.919708567,644.4,86.0880686016,593.4,111.157735247
638,669,695.6,87.2026375748,642.9,85.44972531,603.5,108.206187195
639,591,701.8,75.4632360822,645.5,83.1815283982,613.55,95.9761346432
640,95.9,568.18,272.375314594,590.39,192.630702814,592.695,149.414568003
641,325,491.38,276.843045786,563.99,210.137417737,582.095,160.669819899
642,349,405.98,228.782652314,537.39,219.586148369,571.545,168.912943865
643,371,346.38,175.819003524,520.99,225.820235537,565.645,173.934120847
644,223,272.78,113.960703754,487.29,243.783229986,556.595,187.005056152
645,321,317.8,56.6850950427,442.99,227.62820783,538.095,191.262045304
646,263,305.4,61.3090531651,398.39,212.935798619,517.545,197.857374136
647,304,296.4,56.4163096985,351.19,167.370729221,497.795,198.50461608
648,392,300.6,63.6733853348,323.49,126.975942166,483.195,194.792014521
649,420,340.0,64.5948914389,306.39,94.2422935252,475.945,194.284781415
650,435,362.8,75.4234711479,340.3,67.2227640015,465.345,190.201337853
651,440,398.2,55.8766498638,351.8,73.8268243933,457.895,188.008424993
653,484,434.2,33.5290918457,365.3,84.7873811366,451.345,184.496131681
654,935,542.8,220.537298433,421.7,199.280957445,471.345,213.450552575
655,412,541.2,221.677017302,440.6,186.921373845,463.945,212.779667299
656,676,589.4,218.997260257,476.1,195.21011472,459.545,207.08194024
657,562,613.8,204.507212587,506.0,181.349876696,452.195,200.258313383
658,623,641.6,191.484464122,537.9,169.541505898,444.545,189.891751643
659,608,576.2,100.405179149,559.5,162.501452985,441.495,186.557470967
660,569,607.6,46.0575726673,574.4,154.944577905,440.395,185.692401213
661,592,590.8,25.6846257516,590.1,147.000718063,465.2,169.698370181
662,616,601.6,21.5708136147,607.7,137.245157777,479.75,169.520026763
663,640,605.0,26.5518360947,623.3,130.313340325,494.3,170.194037869
664,642,611.8,31.4197390187,594.0,72.6039484693,507.85,170.648075845
665,636,625.2,21.2414688758,616.4,35.0624839077,528.5,158.951995401
666,507,608.2,57.5082602762,599.5,42.9786768836,537.8,151.436142526
668,452,575.4,89.7039575493,588.5,63.0383481171,547.25,138.751149829
669,307,508.8,139.530283451,556.9,107.409341617,547.4,138.475686637
670,319,444.2,137.195845418,528.0,128.868580776,543.75,143.652678726
671,100,337.0,157.73236827,481.1,185.283836316,527.75,172.987031762
672,333,302.2,127.061795989,455.2,186.159310508,522.65,177.314847836
673,163,244.4,105.843280372,409.9,197.456296149,508.8,194.131154798
674,61.3,195.26,124.844254974,352.03,207.092969192,487.665,218.458552675
675,98.6,151.18,108.00542579,297.69,193.39174089,445.845,208.129940371
676,59.2,143.02,114.202329223,240.01,165.246378007,428.205,225.38491631
677,58.8,88.18,45.0892670156,195.19,144.230667489,397.345,231.832488244
678,98.9,75.36,21.3734180701,159.88,114.540044429,374.19,237.577114129
679,98.1,82.72,21.6556459151,138.99,103.216788578,347.945,237.637283259
680,74.9,77.98,19.8274304941,114.58,82.7504924457,321.29,236.82919428
681,92.3,84.6,17.3620275314,113.81,82.9368494699,297.455,234.564244314
682,227,118.24,61.5622286796,103.21,53.2820680696,279.205,224.421268518
683,118,122.06,60.6479430814,98.71,49.4325679869,254.305,212.391048168
684,166,135.64,61.5370863789,109.18,51.6660602115,230.605,192.612582185
685,208,162.26,57.3383641204,120.12,60.0750049706,208.905,166.502705763
686,290,201.8,64.7240295408,143.2,76.2322183274,191.605,134.735672903
687,489,254.2,145.668115935,186.22,127.475154878,190.705,132.560593791
688,473,325.2,149.159981228,223.63,151.61066402,191.755,134.803414274
689,440,380.0,124.312107214,257.82,158.54924787,198.405,143.770095987
690,396,417.6,79.7138632861,289.93,149.653021278,202.255,148.134211817
691,414,442.4,38.9653692399,322.1,136.443272706,217.955,153.276703606
692,365,417.6,41.2831684831,335.9,132.682955449,219.555,154.701221289
693,399,402.8,27.3806501019,364.0,109.06063553,231.355,159.098468268
694,302,375.2,44.6284662519,377.6,88.0898531173,243.39,154.597834464
695,487,393.4,67.7812658483,405.5,70.9134840649,262.81,159.761051508
697,196,349.8,108.874698622,396.1,91.2413770659,269.65,153.386184446
698,217,320.2,122.921519678,368.9,100.539047141,277.56,145.833727959
699,1008,442.0,336.571686272,422.4,226.068426219,323.015,213.292744898
700,467,475.0,327.376694345,425.1,226.462874073,341.46,208.720748723
701,443,466.2,327.564802749,429.8,226.279473218,359.865,200.026830503
702,350,497.0,302.053803154,423.4,227.676768932,372.75,189.929315107
703,336,520.8,278.224190178,420.5,228.685737786,378.2,187.069252586
704,356,390.4,60.0191636063,416.2,229.537602826,390.1,176.941828086
705,176,332.2,96.9185224815,403.6,239.734668146,390.6,176.288161229
706,300,303.6,74.5707717541,384.9,239.799661755,395.2,172.430794661
707,269,287.4,70.6668238992,392.2,234.461937209,394.15,173.167480538
708,69.2,234.04,112.90264833,377.42,250.821112881,373.16,186.030123197
709,74.1,177.66,107.00592507,284.03,138.786823342,353.215,195.88526791
710,223,187.06,108.871750239,259.63,123.670296892,342.365,196.832761701
711,70.7,141.2,97.057637515,222.4,118.255063317,326.1,205.4204597
712,131,113.6,66.4137410481,200.5,112.118211426,311.95,208.766665266
713,77.4,115.24,65.1321195724,174.64,107.10348267,297.57,214.739818336
714,98.5,120.12,62.1237233269,148.89,87.8860556504,282.545,217.760903347
715,69.4,89.4,26.0147073787,138.23,90.6537864626,270.915,222.819677566
716,91.3,93.52,23.8542868265,117.36,71.2119715279,251.13,220.174985672
717,60.7,79.46,15.4926756888,96.53,48.8956723829,244.365,224.003339437
718,154,94.78,36.5326839967,105.01,50.939887231,241.215,224.849770373
719,293,133.68,96.2416593789,126.9,76.7006736172,205.465,135.67611695
720,224,164.6,95.2567320456,127.0,76.8404118214,193.315,121.122535932
721,441,234.54,143.928308543,164.03,122.408306272,193.215,120.906176217
722,258,274.0,106.54341838,176.73,125.15795398,188.615,116.289141798
723,178,278.8,100.133411008,186.79,120.232990943,180.715,110.996032527
724,157,251.6,112.961497865,192.64,116.835042308,170.765,103.094179094
725,226,252.0,112.842811025,208.3,108.692369148,173.265,103.831413333
727,360,235.8,79.9449810807,235.17,109.762471324,176.265,108.44996069
728,282,240.6,82.2970230324,257.3,91.4610421011,176.915,109.072198566
729,299,264.8,76.9005851733,271.8,84.4929977375,188.405,109.231759768
730,142,261.8,82.2629928947,256.7,93.3155340171,191.8,106.513463444
731,70.8,230.76,119.844432495,241.38,110.308958033,184.19,109.560499509
732,61.4,171.04,113.57617708,203.42,98.6844781221,183.725,110.086004058
733,190,152.64,97.4073303196,196.62,96.8310992284,186.675,109.38705723
734,78.9,108.62,55.4082304356,186.71,103.770884913,186.75,109.308676884
735,81.5,96.52,52.8429465492,179.16,108.797469333,185.9,110.094313635
736,85.2,99.4,51.4651824052,165.08,111.147567575,186.69,109.267936743
737,174,121.92,55.1816726821,146.48,88.0720639275,190.825,107.009585773
738,178,119.52,51.626901902,136.08,75.5398614419,196.69,102.627065785
739,73.0,118.34,52.8405904585,113.48,51.2997682473,192.64,105.945047325
740,79.4,117.92,53.2136448667,107.22,51.2522910057,181.96,106.061706964
741,67.1,114.3,56.5095567139,106.85,51.5568779763,174.115,108.561698562
743,194,118.3,62.211976339,120.11,55.4718637389,161.765,88.8655298456
744,58.2,94.34,56.2557374852,106.93,52.6046692055,151.775,88.7080063734
745,78.4,95.42,55.7935659373,106.88,52.6345007259,146.795,89.9453721638
746,67.6,93.06,56.8795921223,105.49,53.5547165679,142.325,91.6174303974
747,56.4,90.92,58.2844061478,102.61,55.5059246087,133.845,91.3134305853
748,72.6,66.64,9.36525493512,92.47,50.0044897984,119.475,75.0086442387
749,63.6,67.72,8.41142080743,81.03,40.4329362443,108.555,65.3824173612
750,56.1,63.26,7.15038460502,79.34,41.1526480854,96.41,48.5335250382
751,78.5,65.44,9.92688269296,79.25,41.1534864191,93.235,47.459270904
752,73.6,68.88,8.94242696362,79.9,40.9912727839,93.375,47.3936912857
753,93.9,73.14,14.5025170229,69.89,12.0080944922,95.0,46.7930156732
754,95.1,79.44,16.0784949544,73.58,13.5829795455,90.255,41.120394159
755,67.7,81.76,12.2498163251,72.51,13.5825418992,89.695,41.3587447
756,65.0,79.06,14.4399792244,72.25,13.7112484236,88.87,41.6940245624
758,94.1,83.16,15.381742424,76.02,14.0477598056,89.315,41.7002874533
759,100,84.38,16.6372173154,78.76,15.8616378586,85.615,36.7839964487
760,76.0,80.56,15.7284137789,80.0,15.0064430607,80.515,29.6873581991
761,159,98.82,36.4343519223,90.29,27.1573378666,84.815,34.3963473428
762,116,109.02,31.38872409,94.04,27.9266181268,86.645,35.0603010615
763,99.9,110.18,30.801168809,96.67,27.0111931531,88.285,34.8645238934
764,92.7,108.72,31.567815889,96.55,27.02752712,83.22,24.5227198629
765,82.8,110.08,29.9086442354,95.32,27.3784505689,84.45,23.8082581869
766,106,99.48,12.6470154582,99.15,25.7136474789,85.83,24.2351875542
767,116,99.48,12.6470154582,104.25,23.1140289291,88.25,24.7304521422
768,105,100.5,12.8926335556,105.34,22.8375519217,90.68,23.8066244651
769,96.2,101.2,12.4507027914,104.96,22.9675229642,91.86,23.445443952
770,90.4,102.72,9.83117490434,106.4,21.3441118605,93.2,22.4917294741
771,207,122.92,47.9842890955,111.2,35.3134220627,100.745,32.4825212108
773,118,123.32,47.9204757906,111.4,35.3492731341,102.72,32.2588641429
774,94.6,121.24,49.125024173,110.87,35.5798335515,103.77,31.5961040237
775,103,122.6,48.3464579881,111.9,35.1417763416,104.225,31.5119004254
776,97.5,124.02,47.2562376835,113.37,34.0806901991,104.345,31.4798761952
777,93.6,101.34,10.0048988001,112.13,34.600258509,105.64,30.4075198456
779,107,99.14,5.71559270765,111.23,34.6054603912,107.74,28.8642630983
780,165,113.22,29.3954418235,117.23,38.398844022,111.285,31.347866124
781,102,113.02,29.4856236156,117.81,38.0884482342,111.385,31.3131429443
782,113,116.12,28.2342345389,120.07,36.9343576874,113.235,30.1852225086
783,87.5,114.9,29.5516497001,108.12,21.9931201364,109.66,28.6760931054
785,78.0,109.1,34.0007352862,104.12,23.5770038621,107.76,29.4814910713
786,95.7,95.24,13.401977466,104.23,23.5301721201,107.55,29.555291627
787,113,97.44,15.5239492398,105.23,23.684080448,108.565,29.3664376099
788,75.5,89.94,15.1819959162,103.03,25.4386866363,108.2,29.7464372037
789,97.5,91.94,15.4367418842,103.42,25.3076097471,107.775,29.8400979785
790,102,96.74,13.6459884215,102.92,25.2783965736,107.075,29.8011810963
791,99.5,97.5,13.6793640203,96.37,12.8223806075,106.8,29.8466783835
792,171,109.1,36.1859779473,103.27,26.9599723871,110.54,32.9714294184
793,95.3,113.06,32.4837343912,101.5,26.8309108637,110.785,32.8318086297
794,96.0,112.76,32.6697566566,102.35,26.4703293016,105.235,23.8700930477
795,145,121.36,34.7242422523,109.05,28.0541242759,106.585,25.3477970599
796,227,146.86,55.3484236451,122.18,46.0595218772,113.205,36.7690870591
797,144,141.46,53.6969086633,125.28,46.4148635197,115.255,37.309156136
798,154,153.2,47.0924622418,133.13,43.6139898555,118.08,38.0261765796
799,177,169.4,34.8324561293,141.08,43.643347463,122.25,39.734864712
800,217,183.8,37.0364685142,152.58,47.2073158172,127.75,44.8026843651
801,101,158.6,42.7235298167,152.73,47.0219345979,124.55,44.2846831071
803,164,162.6,41.9440102994,152.03,46.7711698949,127.65,44.7902303727
804,146,161.0,42.5029410747,157.1,42.4903910706,129.3,44.8299594374
805,149,155.4,41.7049157774,162.4,36.9690561296,132.375,43.9117041705
806,183,148.6,30.3858519709,166.2,36.9347773484,137.625,43.341676491
807,329,194.2,76.7704370184,176.4,61.5037487566,149.29,59.752453374
808,194,200.2,74.9713278527,181.4,60.6028968871,153.34,59.908143722
809,177,206.4,70.5180827873,183.7,59.8796014237,158.415,57.2052378445
810,321,240.8,77.1569828337,198.1,73.7886621824,169.59,65.8554949152
811,515,307.2,135.658394506,227.9,124.806917543,190.24,99.6343810877
812,243,290.0,137.640836963,242.1,116.570865428,197.415,97.9079711555
813,202,291.6,136.28572926,245.9,114.340087264,198.965,97.7129699682
814,364,329.0,121.870833262,267.7,113.958130713,212.4,101.122333417
815,255,315.8,126.44247704,278.3,106.367340435,220.35,97.6811542455
816,226,258.0,62.5099992001,282.6,102.899303529,224.4,96.0583156213
817,105,230.4,93.5483832036,260.2,115.309053321,218.3,99.6895708001
818,208,231.6,93.1305535257,261.6,114.49813196,221.5,98.1950261362
819,308,220.4,74.7883680795,274.7,111.189577849,229.2,98.6602890305
820,388,247.0,106.920531237,281.4,116.195429246,239.75,103.925517357
821,660,333.8,211.059707192,295.9,152.088753328,261.9,139.828805104
822,803,473.4,249.270535764,351.9,218.878682785,297.0,179.729328655
823,768,585.4,224.819483141,408.5,247.162676974,327.2,205.152215633
824,624,648.6,163.357889311,434.5,255.496140436,351.1,210.699811406
825,593,689.6,91.5385164835,468.3,251.436340518,373.3,211.673557009
826,641,685.8,93.4489165266,509.8,241.033792006,396.2,214.754351711
827,604,646.0,70.6505484763,559.7,195.21671718,409.95,218.987256298
828,628,618.0,19.2743352674,601.7,151.40750752,431.65,217.962641657
829,590,611.2,22.3763267763,629.9,111.675571784,452.3,212.050912457
830,529,598.4,43.6153642654,644.0,82.9457654133,462.7,210.366372138
833,542,578.6,41.8783953847,632.2,88.6162764081,464.05,210.805841076
834,557,569.2,39.9837466979,607.6,67.5823777162,479.75,205.091731723
835,530,549.6,25.2645997396,583.8,41.8138732958,496.15,194.556249477
836,463,524.2,36.0374804891,567.7,53.87238006,501.1,192.262950423
837,738,566.0,102.647454912,582.2,76.2886332002,525.25,190.045389315
838,759,609.4,131.720537503,594.0,93.5640006745,551.9,183.117994747
839,617,621.4,128.445708375,595.3,93.8083744189,577.5,150.179366443
840,547,624.8,125.615285694,587.2,94.1674631235,594.45,122.941353156
841,591,650.4,93.2780788824,587.3,94.1712978212,608.6,102.887470466
842,646,632.0,79.7746827007,599.0,93.3880791822,621.5,89.0112352459
843,619,604.0,37.3363094052,606.7,91.3175777165,619.45,88.5488119924
844,747,630.0,74.9599893276,625.7,99.2494612356,616.65,83.1607669391
845,686,657.8,60.9483387797,641.3,94.6913700163,612.55,77.1072219978
848,556,650.8,71.6149425749,650.6,78.3995464839,609.15,78.0689809686
849,704,662.4,75.2482557937,647.2,74.8447281599,614.7,80.7596173188
850,700,678.6,72.2274186165,641.3,66.962759136,617.65,82.8221143873
851,659,661.0,61.2862137842,645.5,66.5853670945,620.4,83.2569895912
852,711,666.0,64.7572389776,661.9,59.442689486,624.55,85.6888342539
853,666,688.0,23.7381549409,669.4,53.9839482315,628.35,85.7611585497
854,677,682.6,22.210357944,672.5,53.3775858078,635.75,83.080731188
855,696,681.8,21.4872054954,680.2,50.2655172282,643.45,81.0461044877
