pair,shape,min_date,max_date,total_days,no_of_trades,volume_traded,total_turnover,avg_price_of_unit_volume,avg_daily_trades
ETH_SAN,"(500, 10)",2017-08-18 06:37:21,2017-11-02 14:44:32,76,500,572484.727259,729.86290772,0.000986784856944,6
ETH_NXX,"(500, 10)",2017-08-20 03:55:41,2017-11-02 13:39:47,74,500,4175279.76431,114.344712121,2.85751131545e-05,6
ETH_BAS,"(500, 10)",2017-08-21 09:46:06,2017-11-02 07:21:44,72,500,196543.013526,107.435946731,0.000353289598458,6
ETH_MyB,"(500, 10)",2017-08-22 13:01:09,2017-11-02 13:21:06,72,500,30742.2228148,252.641329316,0.00759782904272,6
ETH_OAX,"(500, 10)",2017-08-26 15:16:09,2017-11-02 00:43:23,67,500,183933.7516,341.466300701,0.00194395009393,7
ETH_STORJ,"(500, 10)",2017-08-26 12:35:50,2017-11-02 11:55:54,67,500,113005.784917,202.154445553,0.00196739544236,7
ETH_BRAT,"(500, 10)",2017-08-28 21:13:34,2017-11-02 09:32:06,65,500,12003707.2275,21.2563532914,1.46272749052e-06,7
ETH_ECN,"(500, 10)",2017-09-04 06:11:13,2017-11-02 10:14:49,59,500,147831.34,987.392472915,0.00683523207976,8
ETH_BLX,"(500, 10)",2017-09-04 13:43:41,2017-11-02 10:49:09,58,500,124710.149286,637.595014267,0.00495069009492,8
ETH_ETBS,"(500, 10)",2017-09-06 19:10:22,2017-11-02 12:57:44,56,500,47420.8101112,233.675002741,0.00388095536126,8
ETH_ICN,"(500, 10)",2017-09-09 06:29:49,2017-11-02 11:55:33,54,500,53822.5359936,273.820981532,0.00461888862863,9
ETH_FC,"(500, 10)",2017-09-13 21:45:06,2017-11-02 11:00:16,49,500,2066967.13,183.38934725,7.41942579865e-05,10
ETH_BET,"(500, 10)",2017-09-14 21:07:15,2017-11-02 07:38:20,48,500,2693860.32937,600.951992365,0.00020415135079,10
ETH_SKIN,"(500, 10)",2017-09-14 14:52:28,2017-11-02 09:55:51,48,500,2585921.0587,120.736650316,5.12984646932e-05,10
ETH_REX,"(500, 10)",2017-09-18 20:09:29,2017-11-02 14:32:34,44,500,439967.025497,374.893012745,0.000745991457436,11
ETH_TFL,"(500, 10)",2017-09-20 10:01:18,2017-11-02 15:34:25,43,500,141338.378132,367.801916897,0.0024815759199,11
ETH_MBRS,"(500, 10)",2017-09-21 06:50:03,2017-11-02 12:24:56,42,500,3734784.0,516.8949999,0.000160231456199,11
ETH_0x08d3,"(500, 10)",2017-09-21 19:04:54,2017-11-02 11:08:15,41,500,436506082.0,178.889800992,4.20499992917e-07,12
ETH_MCO,"(500, 10)",2017-09-22 05:04:08,2017-11-02 14:29:43,41,500,14922.4696115,412.540583682,0.0271511388232,12
ETH_WILD,"(500, 10)",2017-09-22 20:00:52,2017-11-02 16:02:16,40,500,1128524.61005,365.118366606,0.000306099447906,12
ETH_BNB,"(500, 10)",2017-09-25 16:31:51,2017-11-02 08:01:42,37,500,67052.9842042,357.807810985,0.00457156651486,13
ETH_IFT,"(500, 10)",2017-09-30 23:44:23,2017-11-02 14:19:50,32,500,3348433.97068,496.919038374,0.000194821340026,15
ETH_FUCK,"(500, 10)",2017-10-04 03:47:11,2017-11-02 13:15:20,29,500,2929894.4736,279.648001405,7.20219112381e-05,17
ETH_IND,"(500, 10)",2017-10-04 09:57:17,2017-11-02 14:22:26,29,500,715428.641279,177.811189002,0.000210832269057,17
ETH_BTM,"(500, 10)",2017-10-05 13:30:44,2017-11-02 13:53:29,28,500,1770175.25664,485.59673644,0.000275281336088,17
ETH_CSNO,"(500, 10)",2017-10-04 17:34:42,2017-11-02 12:29:30,28,500,1281323.83006,712.114077455,0.000587175323508,17
ETH_SONM,"(500, 10)",2017-10-04 19:40:23,2017-11-02 15:13:36,28,500,763724.925367,306.836042351,0.000332606331923,17
ETH_CNX,"(500, 10)",2017-10-05 00:11:27,2017-11-02 08:59:40,28,500,369124.37728,62.3161329015,0.000146988733573,17
ETH_STX,"(500, 10)",2017-10-05 06:33:59,2017-11-02 15:30:23,28,500,277228.701625,683.075625657,0.00199845744502,17
ETH_TKR,"(500, 10)",2017-10-05 21:49:40,2017-11-02 10:34:14,27,500,762890.198311,258.965174476,0.000343846568724,18
ETH_ELIX,"(500, 10)",2017-10-05 19:38:40,2017-11-02 10:25:57,27,500,662222.308585,207.561962313,0.000266673896135,18
ETH_OPT,"(500, 10)",2017-10-07 07:10:10,2017-11-02 16:23:44,26,500,3995230.22588,293.778043369,7.88860161459e-05,19
ETH_EBET,"(500, 10)",2017-10-07 08:50:12,2017-11-02 10:02:51,26,500,558776.95,312.240931984,0.000375540586699,19
ETH_BAT,"(500, 10)",2017-10-07 02:19:54,2017-11-02 14:40:52,26,500,502594.277939,269.313296496,0.000525917933076,19
ETH_NTC,"(500, 10)",2017-10-07 04:18:37,2017-11-02 13:04:45,26,500,32944.331338,244.15851159,0.00630479471752,19
ETH_CDT,"(500, 10)",2017-10-07 20:42:45,2017-11-02 15:12:27,25,500,2954183.22235,328.850651857,0.000109855881386,20
ETH_VOISE,"(500, 10)",2017-10-09 04:32:01,2017-11-02 15:56:05,24,500,3286759.70954,241.009329023,5.27712645424e-05,20
ETH_ELTC3,"(500, 10)",2017-10-11 03:45:28,2017-11-02 10:29:27,22,500,17781347.8361,14.6197117505,5.91932103422e-07,22
ETH_MDA,"(500, 10)",2017-10-11 07:15:59,2017-11-02 13:47:00,22,500,163042.596142,775.465995682,0.00463459512881,22
ETH_SNT,"(500, 10)",2017-10-13 00:58:54,2017-11-02 17:43:43,20,500,2617998.02778,303.099550631,0.000123572984615,25
ETH_TIX,"(500, 10)",2017-10-12 08:52:27,2017-11-02 08:28:49,20,500,636622.375738,620.974421004,0.000858954200305,25
ETH_AE,"(500, 10)",2017-10-13 03:07:55,2017-11-02 12:52:02,20,500,621300.552958,549.998828836,0.000837610566984,25
ETH_WTT,"(500, 10)",2017-10-13 00:02:40,2017-11-02 09:11:06,20,500,237053.0,1251.23861169,0.00521460254068,25
ETH_MANA,"(500, 10)",2017-10-14 14:54:34,2017-11-02 15:10:42,19,500,6864773.88867,262.414054105,3.61916943694e-05,26
ETH_ELTC2,"(500, 10)",2017-10-14 21:48:08,2017-11-02 13:57:04,18,500,13150335.1336,11.6309042117,6.57459472043e-07,27
ETH_DLT,"(500, 10)",2017-10-15 13:31:16,2017-11-02 13:50:13,18,500,686343.35527,349.448226357,0.000490746414621,27
ETH_PRO,"(500, 10)",2017-10-15 13:18:56,2017-11-02 14:20:28,18,500,348046.915683,356.123109472,0.000981511218676,27
ETH_POE,"(500, 10)",2017-10-16 03:09:33,2017-11-02 13:54:01,17,500,26390208.5235,457.823497262,1.68002258547e-05,29
ETH_CVC,"(500, 10)",2017-10-16 12:53:58,2017-11-02 16:07:29,17,500,239767.54508,268.144308301,0.00109491408487,29
ETH_PIX,"(500, 10)",2017-10-17 04:14:11,2017-11-02 13:37:55,16,500,2594125.0,503.369522477,0.000185458617668,31
ETH_IXT,"(500, 10)",2017-10-16 17:33:49,2017-11-02 11:55:33,16,500,786854.293448,493.62773728,0.000646630848544,31
ETH_AVT,"(500, 10)",2017-10-17 00:35:49,2017-11-02 14:39:10,16,500,146063.407171,1410.97905404,0.00866588896922,31
ETH_FUN,"(500, 10)",2017-10-18 12:15:20,2017-11-02 17:22:14,15,500,15839592.3364,916.071271473,5.64201341426e-05,33
ETH_EXN,"(500, 10)",2017-10-18 05:26:30,2017-11-02 13:03:40,15,500,2803458.94637,215.671882809,6.7207581598e-05,33
ETH_RHOC,"(500, 10)",2017-10-18 08:38:09,2017-11-02 15:30:07,15,500,2435756.63589,1250.41169665,0.000528331748591,33
ETH_FLIK,"(500, 10)",2017-10-17 17:43:33,2017-11-02 11:04:12,15,500,545982.404481,159.902893198,0.000238091704289,33
ETH_DICE,"(500, 10)",2017-10-18 13:33:36,2017-11-02 15:13:29,15,500,80047.4717809,850.870612918,0.00995456414348,33
ETH_DENT,"(500, 10)",2017-10-19 11:27:39,2017-11-02 13:58:31,14,500,226518153.711,265.135563674,1.1446568322e-06,35
ETH_CREDO,"(500, 10)",2017-10-19 09:48:35,2017-11-02 13:42:33,14,500,6790298.33792,667.536455682,9.44170428441e-05,35
ETH_TNT,"(500, 10)",2017-10-19 02:58:39,2017-11-02 16:25:22,14,500,3190288.13557,560.485685543,0.000177851886125,35
ETH_ALIS,"(500, 10)",2017-10-18 15:28:21,2017-11-02 13:19:00,14,500,308538.374237,339.509872952,0.000926135950826,35
ETH_SND,"(500, 10)",2017-10-18 15:31:52,2017-11-02 13:26:40,14,500,120011.0,465.402628089,0.00364039755092,35
ETH_DAY,"(500, 10)",2017-10-18 20:05:36,2017-11-02 10:36:06,14,500,25188.3555319,395.545349997,0.0159867880857,35
ETH_VEN,"(500, 10)",2017-10-20 11:25:03,2017-11-02 14:03:12,13,500,662734.078984,491.321042079,0.000701185357959,38
ETH_BQX,"(500, 10)",2017-10-20 09:54:57,2017-11-02 11:07:00,13,500,171819.72983,459.727946772,0.00253456849387,38
ETH_KEY,"(500, 10)",2017-10-20 16:09:28,2017-11-02 16:03:10,12,500,54911326.7299,186.390227781,3.28225525691e-06,41
ETH_BMC,"(500, 10)",2017-10-21 00:08:53,2017-11-02 10:36:51,12,500,242478.213865,503.601937054,0.00174385924243,41
ETH_CAT,"(500, 10)",2017-10-20 14:38:37,2017-11-02 12:32:02,12,500,196605.10924,434.514942749,0.00213596209378,41
ETH_EDO,"(500, 10)",2017-10-20 17:31:40,2017-11-02 10:18:12,12,500,115795.710497,1032.16443203,0.00787224842038,41
ETH_FUDD,"(500, 10)",2017-10-22 09:38:09,2017-11-02 15:37:11,11,500,3826315.52403,9.55088505919,2.35805004744e-06,45
ETH_EGOLD,"(500, 10)",2017-10-22 07:46:50,2017-11-02 10:42:38,11,500,2588506.35401,159.682606828,7.66445025766e-05,45
ETH_ADX,"(500, 10)",2017-10-21 16:35:46,2017-11-02 15:51:05,11,500,121787.5523,393.197411899,0.00306412324032,45
ETH_HVN,"(500, 10)",2017-10-23 05:52:10,2017-11-02 14:51:39,10,500,3271701.51017,394.984251234,0.000103248472322,50
ETH_BCPT,"(500, 10)",2017-10-23 08:36:49,2017-11-02 13:50:13,10,500,1892809.80959,769.641061417,0.000404791872021,50
ETH_HBT,"(500, 10)",2017-10-22 18:50:15,2017-11-02 13:25:27,10,500,1113947.66735,441.988726673,0.000412198376243,50
ETH_RVT,"(500, 10)",2017-10-22 19:02:03,2017-11-02 12:00:21,10,500,414781.730243,565.327350174,0.00125684257713,50
ETH_ACC,"(500, 10)",2017-10-23 11:46:33,2017-11-02 17:43:48,10,500,37434.0730297,38.6617884454,0.000909686789791,50
ETH_VIBE,"(500, 10)",2017-10-23 20:36:39,2017-11-02 15:55:41,9,500,4152897.32573,332.763872186,7.58572196516e-05,55
ETH_DNT,"(500, 10)",2017-10-24 02:23:30,2017-11-02 10:09:18,9,500,2223412.32815,423.634981884,0.000164427232266,55
ETH_REAL,"(500, 10)",2017-10-24 11:27:33,2017-11-02 14:27:43,9,500,266220.346561,296.959465961,0.00107160595153,55
ETH_AIR,"(500, 10)",2017-10-25 15:28:51,2017-11-02 16:38:39,8,500,21956009.3817,538.167675979,2.22626971163e-05,62
ETH_AST,"(500, 10)",2017-10-25 12:28:27,2017-11-02 12:34:51,8,500,1130838.937,776.188255404,0.00070754373488,62
ETH_SUB,"(500, 10)",2017-10-24 20:54:45,2017-11-02 10:11:41,8,500,888981.22,382.461775924,0.000411448449165,62
ETH_EUSD,"(500, 10)",2017-10-26 11:56:10,2017-11-02 14:33:29,7,500,25531334.9581,264.787185533,7.85771679707e-06,71
ETH_ATS,"(500, 10)",2017-10-25 17:00:14,2017-11-02 16:01:19,7,500,10313588.1742,232.681113387,2.22996367641e-05,71
ETH_MTH,"(500, 10)",2017-10-26 01:37:51,2017-11-02 11:36:24,7,500,2464001.13882,529.555910884,0.000214939424903,71
ETH_LRC,"(500, 10)",2017-10-26 02:10:02,2017-11-02 10:48:22,7,500,1031551.26574,564.50735851,0.000568050769135,71
ETH_ENG,"(500, 10)",2017-10-25 14:52:53,2017-11-02 14:36:18,7,500,349631.434576,486.024906231,0.00133159115456,71
ETH_CTR,"(500, 10)",2017-10-26 13:39:59,2017-11-02 16:04:52,7,500,330498.871806,515.798185757,0.00152045891096,71
ETH_EDOGE,"(500, 10)",2017-10-27 08:03:01,2017-11-02 15:56:18,6,500,11544038295.4,29.8283794722,2.38619158534e-09,83
ETH_XRL,"(500, 10)",2017-10-27 00:50:00,2017-11-02 14:10:10,6,500,1979136.5739,1333.44010787,0.000664881183912,83
ETH_PAY,"(500, 10)",2017-10-27 17:11:27,2017-11-02 17:33:50,6,500,88355.8488904,503.076978432,0.00570046753755,83
ETH_WTC,"(500, 10)",2017-10-27 06:37:01,2017-11-02 13:11:11,6,500,28027.3951655,579.575135618,0.0203636517217,83
ETH_0xe469,"(500, 10)",2017-10-27 14:05:37,2017-11-02 13:50:35,5,500,5066983649.0,28.9309074383,5.30805912586e-09,100
ETH_EREAL,"(500, 10)",2017-10-28 17:04:07,2017-11-02 17:36:20,5,500,7743402.63076,27.2054855083,4.53325217028e-06,100
ETH_10MT,"(500, 10)",2017-10-28 05:20:07,2017-11-02 17:50:04,5,500,1715937.84862,52.968849203,2.45383907962e-05,100
ETH_0x5046,"(500, 10)",2017-10-28 00:09:33,2017-11-02 12:48:16,5,500,1698254.83397,45.1583293867,2.05350315929e-05,100
ETH_AION,"(500, 10)",2017-10-27 15:42:40,2017-11-02 10:42:16,5,500,1028741.08713,1945.79358007,0.00184295191878,100
ETH_XNN,"(500, 10)",2017-10-27 22:55:49,2017-11-02 13:06:35,5,500,248023.309264,12.3210944638,4.63529404822e-05,100
ETH_TRX,"(500, 10)",2017-10-29 14:17:15,2017-11-02 16:01:29,4,500,40544799.7046,383.796002172,9.20315675256e-06,125
ETH_COSS,"(500, 10)",2017-10-28 15:05:33,2017-11-02 10:10:08,4,500,4063773.15609,1161.45178895,0.000280502294284,125
ETH_0xdb45,"(500, 10)",2017-10-28 23:17:16,2017-11-02 16:05:19,4,500,2970749.0,39.3096469827,1.60492616143e-05,125
ETH_CAG,"(500, 10)",2017-10-28 17:56:46,2017-11-02 15:28:48,4,500,669423.848843,502.403457126,0.000747503393633,125
ETH_KNC,"(500, 10)",2017-10-28 16:45:34,2017-11-02 11:33:36,4,500,209910.154223,701.128376872,0.00331729277629,125
ETH_HDG,"(500, 10)",2017-10-28 12:05:11,2017-11-02 11:43:59,4,500,97991.8599811,386.194414187,0.00372325449584,125
ETH_EVX,"(500, 10)",2017-10-29 11:39:40,2017-11-02 14:50:11,4,500,93764.3588,577.67988604,0.00573884237825,125
ETH_KIN,"(500, 10)",2017-10-30 04:36:08,2017-11-02 16:28:35,3,500,2424185319.75,390.591390073,1.6157314216e-07,166
ETH_ECASH,"(500, 10)",2017-10-29 17:31:06,2017-11-02 11:01:55,3,500,2591715.81088,102.878659439,3.93392669651e-05,166
ETH_ZRX,"(500, 10)",2017-10-29 18:27:40,2017-11-02 15:52:41,3,500,912026.879173,546.463358953,0.000600559588518,166
ETH_ETG,"(500, 10)",2017-10-29 20:37:00,2017-11-02 12:46:59,3,500,621958.0,97.236902935,0.000147736990127,166
ETH_ETHD,"(500, 10)",2017-10-29 22:14:08,2017-11-02 12:16:46,3,500,505105.755632,318.079105065,0.000657374882538,166
ETH_ELITE,"(500, 10)",2017-10-30 03:21:59,2017-11-02 14:29:57,3,500,169803.113114,162.31463566,0.00087081008221,166
ETH_ATM,"(500, 10)",2017-10-31 12:16:09,2017-11-02 17:32:53,2,500,12155770.0237,2151.80500486,0.000178478524576,250
ETH_REQ,"(500, 10)",2017-10-31 09:59:08,2017-11-02 11:16:04,2,500,5998714.40208,746.949023536,0.000126536962968,250
ETH_BTCM,"(500, 10)",2017-10-30 14:24:59,2017-11-02 14:24:29,2,500,3759530.93864,85.9386958925,2.24552560223e-05,250
ETH_IETH,"(500, 10)",2017-10-30 18:40:48,2017-11-02 15:30:07,2,500,2989993.94518,146.809648147,4.65177397161e-05,250
ETH_KICK,"(500, 10)",2017-10-30 18:11:24,2017-11-02 12:59:07,2,500,2599541.86135,347.411906325,0.000137620009192,250
ETH_BLUE,"(500, 10)",2017-10-31 01:49:24,2017-11-02 16:41:48,2,500,2452906.87489,88.5505550941,3.81835796043e-05,250
ETH_BTCR,"(500, 10)",2017-10-30 23:15:47,2017-11-02 15:13:24,2,500,1570377.24745,104.621273485,6.66482224884e-05,250
ETH_0x4dc3,"(500, 10)",2017-10-30 21:30:44,2017-11-02 16:31:18,2,500,1467670.40512,944.269961968,0.0006759606178,250
ETH_PPP,"(500, 10)",2017-10-30 21:37:12,2017-11-02 11:02:41,2,500,646591.979258,395.585320409,0.000614279251333,250
ETH_SALT,"(500, 10)",2017-10-30 17:37:30,2017-11-02 12:59:45,2,500,50017.2541352,440.392409154,0.00888855340546,250
ETH_LTG,"(500, 10)",2017-10-31 17:20:08,2017-11-02 13:26:03,1,500,7356263.0,132.563000187,2.14314441072e-05,500
ETH_EBTC,"(500, 10)",2017-10-31 20:19:33,2017-11-02 16:44:30,1,500,3149271.90153,63.1179247076,2.00220873611e-05,500
ETH_COB,"(500, 10)",2017-10-31 14:02:34,2017-11-02 12:44:23,1,500,2557185.26829,443.364686799,0.000178548037438,500
ETH_IBTC,"(500, 10)",2017-11-01 14:12:59,2017-11-02 15:48:44,1,500,2011443.98565,95.7609572651,4.76080656227e-05,500
ETH_PLR,"(500, 10)",2017-10-31 16:48:42,2017-11-02 15:22:23,1,500,1430707.26779,523.304538576,0.000372426644886,500
ETH_LINK,"(500, 10)",2017-10-31 21:29:55,2017-11-02 15:41:24,1,500,929706.370641,522.861503443,0.000597739599141,500
ETH_SCL,"(500, 10)",2017-10-31 21:40:19,2017-11-02 15:47:30,1,500,476472.114707,827.464405865,0.00172828353291,500
ETH_ITS,"(500, 10)",2017-11-01 00:15:25,2017-11-02 15:52:41,1,500,353100.447865,125.469727362,0.000355337208208,500
ETH_EOS,"(500, 10)",2017-11-01 15:02:21,2017-11-02 17:02:19,1,500,209817.948125,752.666370796,0.0035872353987,500
ETH_PPT,"(500, 10)",2017-11-01 08:20:44,2017-11-02 17:04:12,1,500,106555.383529,1278.57103548,0.0119991218945,500
ETH_POS,"(500, 10)",2017-10-31 13:34:02,2017-11-02 11:12:23,1,500,18070.0723266,55.776920757,0.00304277781622,500
ETH_VERI,"(500, 10)",2017-11-01 06:41:27,2017-11-02 15:03:33,1,500,6414.78558573,1060.79988717,0.165367941453,500
ETH_MOD,"(500, 10)",2017-11-01 18:10:02,2017-11-02 11:15:01,0,500,192257.0,873.008443525,0.00454084087198,0
ETH_OMG,"(500, 10)",2017-11-01 15:39:53,2017-11-02 12:20:17,0,500,44395.0815031,952.445684925,0.0214538559831,0
ETH_0x949b,"(498, 10)",2017-08-17 02:46:33,2017-11-02 06:45:35,77,498,215819.604025,31.2285530803,0.000113872530289,6
ETH_DRT,"(493, 10)",2017-10-18 13:02:02,2017-11-02 16:07:33,15,493,1431249.70235,206.217293681,0.000127105496061,32
ETH_YESTER,"(484, 10)",2017-09-16 10:36:13,2017-11-02 05:31:49,46,484,55960.7847332,202.912684027,0.00194623679391,10
ETH_RCC,"(484, 10)",2017-10-14 05:47:18,2017-11-02 16:00:21,19,484,594569.369833,191.685544437,0.00028116388423,25
ETH_NET,"(478, 10)",2017-08-16 13:40:09,2017-11-02 13:31:35,77,478,74667.0981254,267.402710038,0.00321300037186,6
ETH_HOWL,"(472, 10)",2017-09-22 05:37:51,2017-11-02 15:11:06,41,472,18962589.9418,79.3351164696,2.42205513175e-06,11
ETH_ANT,"(471, 10)",2017-08-16 18:18:53,2017-11-02 09:25:55,77,471,28824.25627,186.289232769,0.00630485219144,6
ETH_INXT,"(469, 10)",2017-09-29 23:34:00,2017-11-02 15:28:00,33,469,48092.9166949,244.293182548,0.0047489084017,14
ETH_CCT,"(468, 10)",2017-09-03 23:47:48,2017-11-02 10:00:10,59,468,51254.1605928,283.54172002,0.00772474246033,7
ETH_0xb320,"(462, 10)",2017-10-20 22:04:04,2017-11-02 16:38:59,12,462,264782.909504,54.3012959804,0.000210191466201,38
ETH_CASH,"(449, 10)",2017-09-09 01:05:31,2017-11-02 15:05:24,54,449,850808.426495,400.334172544,0.000488613281227,8
ETH_DOM,"(426, 10)",2017-09-14 23:16:59,2017-11-02 10:04:42,48,426,505506147.0,148.482589864,3.33934564059e-07,8
ETH_PTOY,"(421, 10)",2017-08-18 10:31:54,2017-11-02 14:21:22,76,421,312653.808541,354.827888706,0.000941591041362,5
ETH_WOLK,"(415, 10)",2017-09-26 06:58:45,2017-11-02 16:03:10,37,415,1194953.24743,102.962074604,0.000363180380335,11
ETH_ETHG,"(408, 10)",2017-10-17 09:26:14,2017-11-02 03:29:11,15,408,773031.662278,66.5497327267,6.89310535553e-05,27
ETH_ICE,"(394, 10)",2017-08-16 18:56:50,2017-11-02 11:54:23,77,394,55500.5735609,61.153109988,0.00088917089012,5
ETH_BNT,"(393, 10)",2017-08-17 04:55:22,2017-11-02 13:50:35,77,393,28702.2964376,218.091506694,0.0072188677708,5
ETH_CFI,"(390, 10)",2017-08-16 14:36:51,2017-11-02 08:54:43,77,390,962969.979317,601.267538926,0.000492834865943,5
ETH_HMQ,"(388, 10)",2017-08-16 22:34:04,2017-11-02 14:29:57,77,388,361289.922437,140.393313149,0.000364028506282,5
ETH_0x4e27,"(385, 10)",2017-10-21 05:09:05,2017-11-02 11:06:01,12,385,72016996.5512,99.1682940642,1.49907469992e-06,32
ETH_GEN,"(362, 10)",2017-10-20 16:15:03,2017-11-02 13:00:03,12,362,1312365.82626,14.4464699247,1.26521108773e-05,30
ETH_TAAS,"(359, 10)",2017-08-17 20:35:36,2017-11-02 08:02:07,76,359,8265.248085,132.748324772,0.016655634603,4
ETH_LUM,"(358, 10)",2017-10-16 15:42:39,2017-11-02 17:05:52,17,358,233718.180398,499.167060122,0.00215318389376,21
ETH_NEWB,"(353, 10)",2017-08-17 03:59:39,2017-11-02 13:31:54,77,353,1592915.0,58.5228604455,3.567359916e-05,4
ETH_HGT,"(342, 10)",2017-10-09 04:32:01,2017-11-02 11:45:41,24,342,4425784.41844,205.673816737,3.88869099375e-05,14
ETH_SWP,"(341, 10)",2017-10-03 11:20:18,2017-11-02 13:49:29,30,341,177353.438859,111.295787384,0.000543143609272,11
ETH_PLBT,"(335, 10)",2017-08-16 22:29:57,2017-11-02 00:54:21,77,335,11741.932312,168.574989305,0.0140768360574,4
ETH_SDRN,"(332, 10)",2017-09-25 09:17:32,2017-11-02 04:23:50,37,332,2964098.27624,89.5232931369,2.22389923365e-05,8
ETH_0x8096,"(327, 10)",2017-10-13 23:00:02,2017-10-23 01:07:38,9,327,44760.26,48.5347320486,0.00108432641027,36
ETH_DBET,"(324, 10)",2017-10-21 08:22:49,2017-11-02 09:57:04,12,324,651647.240186,192.841739117,0.00026784521369,27
ETH_SNGLS,"(323, 10)",2017-08-16 23:35:38,2017-11-02 11:37:14,77,323,389434.0,203.332570422,0.00051750628373,4
ETH_EDG,"(322, 10)",2017-08-17 02:09:53,2017-11-02 16:08:53,77,322,169410.0,334.432350603,0.00210419687089,4
ETH_MTL,"(317, 10)",2017-08-19 08:03:34,2017-11-02 15:15:48,75,317,11354.4280268,354.0407119,0.0316830828403,4
ETH_MTP,"(313, 10)",2017-09-30 03:08:55,2017-11-02 04:10:11,33,313,9.02673694218e+19,34.4053123851,1.02047518225e-07,9
ETH_SIFT,"(312, 10)",2017-09-18 19:11:35,2017-11-02 10:41:02,44,312,23179.0,263.249544072,0.012254990342,7
ETH_MGO,"(306, 10)",2017-08-16 13:34:26,2017-11-01 19:41:31,77,306,107049.329356,177.771714052,0.00165160139124,3
ETH_ITT,"(305, 10)",2017-10-08 17:58:04,2017-11-02 12:06:40,24,305,124346.096721,104.638715228,0.000617592012718,12
ETH_ICOS,"(304, 10)",2017-09-23 16:08:18,2017-11-02 15:54:15,39,304,7043.47013,1006.93394086,0.224510826537,7
ETH_0x1245,"(300, 10)",2017-10-23 05:49:19,2017-11-01 19:52:36,9,300,286833.523422,34.2084001783,7.61396876089e-05,33
ETH_1ST,"(297, 10)",2017-08-18 03:08:49,2017-11-02 08:30:48,76,297,92783.4964543,114.536450667,0.00185629329588,3
ETH_EMV,"(292, 10)",2017-08-16 21:03:57,2017-11-02 10:29:32,77,292,88843.83,82.52385749,0.000881727916852,3
ETH_ETHB,"(278, 10)",2017-09-15 22:17:47,2017-11-02 12:20:41,47,278,74028.6067189,40.929486379,0.00654824900656,5
ETH_MCAP,"(274, 10)",2017-08-17 00:24:03,2017-11-02 12:02:09,77,274,47050.7250231,137.756315059,0.00454173089747,3
ETH_ROC,"(272, 10)",2017-09-19 19:00:18,2017-11-02 17:08:22,43,272,128967.978439,240.01791052,0.00172879613747,6
ETH_LNK,"(271, 10)",2017-08-17 00:23:24,2017-11-01 02:11:25,76,271,1364.49469059,155.122272598,0.104166990245,3
ETH_ARENA,"(268, 10)",2017-09-19 02:54:24,2017-11-02 06:54:43,44,268,9556493.17414,125.224113519,1.41237291812e-05,6
ETH_ART,"(264, 10)",2017-10-15 06:51:09,2017-11-02 06:56:56,18,264,168204.426279,200.932232326,0.00115466541716,14
ETH_EETH,"(260, 10)",2017-10-12 16:25:24,2017-11-02 15:26:51,20,260,2022763.40858,18.2461120623,9.64565432266e-06,13
ETH_EZEC2,"(258, 10)",2017-10-09 21:26:41,2017-11-02 11:13:16,23,258,2290493.35409,14.9475800254,5.08743784692e-06,11
ETH_DEL,"(255, 10)",2017-08-17 00:39:49,2017-11-02 09:36:11,77,255,174235.972359,80.0426488496,0.000728280290177,3
ETH_EBCSH,"(255, 10)",2017-10-08 22:40:22,2017-11-02 10:01:21,24,255,3560428.36584,31.8127112607,5.19591385819e-06,10
ETH_BCAP,"(250, 10)",2017-08-17 14:03:08,2017-11-02 10:28:21,76,250,292638.0,969.36465841,0.00372265778999,3
ETH_TOV,"(248, 10)",2017-08-26 01:07:24,2017-11-02 08:54:56,68,248,1165330.0,13.7946819174,1.08119289746e-05,3
ETH_BTH2,"(246, 10)",2017-10-18 09:32:45,2017-11-02 13:59:07,15,246,433793.527204,5.21731582589,9.05652552329e-06,16
ETH_FYN,"(241, 10)",2017-08-16 14:09:13,2017-11-02 11:12:23,77,241,7701.84270604,45.4088962823,0.00539376107512,3
ETH_EBCC,"(236, 10)",2017-10-09 00:01:40,2017-11-02 09:53:00,24,236,12416376.1166,44.2285908032,4.51310985159e-06,9
ETH_ADST,"(228, 10)",2017-08-22 19:27:49,2017-11-02 06:30:53,71,228,336057.0,137.437332232,0.000385143703538,3
ETH_SNC,"(225, 10)",2017-08-30 21:15:21,2017-11-02 15:07:45,63,225,1019139.7895,103.821537856,0.000905468838737,3
ETH_GXC,"(217, 10)",2017-09-13 06:01:11,2017-11-02 14:56:34,50,217,480630.288104,44.0228350509,0.000352933484734,4
ETH_SHOUC,"(214, 10)",2017-08-16 14:02:25,2017-10-31 03:08:12,75,214,52518528.0134,9.38090243911,1.74147784056e-07,2
ETH_NMR,"(207, 10)",2017-08-16 16:36:26,2017-11-02 10:33:38,77,207,1690.75500386,106.841879266,0.0625763844081,2
ETH_DGD,"(205, 10)",2017-08-16 18:59:12,2017-10-30 13:39:34,74,205,2424.32135339,670.068349308,0.28292686706,2
ETH_WINGS,"(199, 10)",2017-08-17 00:23:29,2017-11-02 08:31:18,77,199,27240.7814083,50.2633348965,0.00185145156251,2
ETH_POW,"(198, 10)",2017-10-03 06:09:00,2017-11-02 15:38:42,30,198,31563493.4658,16.6562924281,4.42203817165e-07,6
ETH_LMT,"(197, 10)",2017-10-19 04:03:50,2017-11-02 14:43:29,14,197,1010648.58215,14.2196306849,8.62534156684e-06,14
ETH_ONEK,"(194, 10)",2017-10-05 06:15:54,2017-11-02 07:33:55,28,194,210.016725503,56.8994659089,0.182839549623,6
ETH_QVT,"(191, 10)",2017-10-22 01:26:11,2017-11-02 11:58:37,11,191,169367.197225,122.272252496,0.000733855765911,17
ETH_FLIP,"(188, 10)",2017-09-11 19:50:09,2017-11-02 16:02:16,51,188,546812.0,110.51913932,0.000260004540379,3
ETH_MVC,"(187, 10)",2017-10-10 07:36:41,2017-11-02 15:25:22,23,187,1118606.03639,222.83906597,0.000199594148637,8
ETH_SMT,"(185, 10)",2017-10-06 14:00:04,2017-11-02 15:06:04,27,185,2467591763.7,21.2236412323,6.18278916612e-09,6
ETH_0x78cb,"(183, 10)",2017-10-22 05:04:32,2017-10-31 15:57:07,9,183,14079.0,37.839593149,0.00268766198942,20
ETH_ETL,"(179, 10)",2017-10-22 20:31:52,2017-11-02 13:53:29,10,179,2798.02085555,3.93575991529,0.00107713423731,17
ETH_ETHP,"(177, 10)",2017-10-17 12:47:02,2017-11-02 10:47:24,15,177,598948.454086,14.0152639251,2.58224086545e-05,11
ETH_CDX,"(169, 10)",2017-10-04 13:06:42,2017-11-02 08:51:25,28,169,285050.996143,49.062229398,0.000154834397309,6
ETH_EXRP2,"(169, 10)",2017-10-07 05:31:00,2017-11-02 13:29:36,26,169,1807328.94909,14.4530797402,4.59046888659e-06,6
ETH_DTC,"(168, 10)",2017-10-02 15:34:25,2017-10-31 15:53:22,29,168,533234.53,615.058446854,0.00115344827135,5
ETH_BOP,"(166, 10)",2017-09-07 23:32:12,2017-10-29 05:58:08,51,166,61359.5607797,85.8941579981,0.00132920939939,3
ETH_NIMFA,"(163, 10)",2017-10-09 21:27:18,2017-11-02 15:19:40,23,163,44090.6607494,70.4418695801,0.00114215355238,7
ETH_MYST,"(159, 10)",2017-08-17 16:55:18,2017-11-01 23:24:34,76,159,15682.586179,40.7652264366,0.00287094420215,2
ETH_STU,"(158, 10)",2017-10-16 12:54:09,2017-11-02 05:06:06,16,158,141041.373526,30.1279755877,0.000179710582533,9
ETH_0xf814,"(155, 10)",2017-10-14 08:51:27,2017-10-29 03:58:13,14,155,5107.55613826,13.7364764292,0.00268944208489,11
ETH_FRD,"(154, 10)",2017-10-02 18:42:41,2017-11-02 11:05:15,30,154,236292.204028,64.4111280755,0.000333935226369,5
ETH_FNL,"(149, 10)",2017-10-04 22:21:30,2017-11-02 11:05:15,28,149,659457.293,4.08500922092,4.27889160571e-06,5
ETH_LLT,"(148, 10)",2017-09-28 01:58:54,2017-11-02 12:35:43,35,148,190505.689126,69.3974752535,0.000338317268686,4
ETH_LUCK,"(147, 10)",2017-08-16 18:58:13,2017-11-02 13:26:35,77,147,2111420.0,6.99177900542,2.83613179469e-06,1
ETH_ARC,"(145, 10)",2017-08-17 16:32:13,2017-11-02 11:00:57,76,145,1524.54515961,11.5454919499,0.00785264858473,1
ETH_RUB,"(138, 10)",2017-10-09 05:39:18,2017-11-02 15:20:25,24,138,2293534480.58,4.44269422511,2.58959935424e-09,5
ETH_DDF,"(133, 10)",2017-08-24 11:04:41,2017-11-02 09:28:54,69,133,59343.8361309,27.3813497412,0.000381619726288,1
ETH_0x5783,"(133, 10)",2017-10-18 13:06:26,2017-10-31 05:48:22,12,133,1218181.3402,48.0837449114,3.94717463851e-05,11
ETH_WIC,"(125, 10)",2017-09-22 18:37:40,2017-11-02 17:00:42,40,125,383298.309888,13.7320325138,2.71937221645e-05,3
ETH_CLD,"(125, 10)",2017-09-30 00:59:49,2017-11-02 08:55:33,33,125,2361.410088,25.5778248345,0.0212632755083,3
ETH_REP,"(124, 10)",2017-08-17 11:20:24,2017-11-02 13:16:37,77,124,677.783718252,44.9426791616,0.066134236185,1
ETH_SHT,"(122, 10)",2017-09-28 19:40:46,2017-10-30 15:31:12,31,122,3.59198571994e+12,4.0007666494,4.05685791306e-11,3
ETH_CM,"(119, 10)",2017-10-16 09:38:20,2017-11-02 08:59:40,16,119,294218.47868,55.3059430175,0.000183844574692,7
ETH_NDC,"(115, 10)",2017-09-08 01:17:52,2017-11-02 13:29:17,55,115,67736.7334341,14.7676640206,0.000179034160211,2
ETH_GOOC,"(115, 10)",2017-09-21 21:55:55,2017-11-02 11:28:26,41,115,64989.0250864,3.2829414758,6.68400299655e-05,2
ETH_STH,"(112, 10)",2017-10-19 10:59:13,2017-11-01 01:25:13,12,112,10770291.0,7.67001960336,6.56099041046e-07,9
ETH_ETH,"(107, 10)",2017-08-20 02:17:03,2017-10-31 21:51:35,72,107,20.7937236354,82.103232132,3.18618688102,1
ETH_BNN,"(106, 10)",2017-10-23 05:03:22,2017-11-02 07:54:21,10,106,1046963.75367,32.4017998107,1.92834727268e-05,10
ETH_PT,"(101, 10)",2017-08-24 20:14:35,2017-10-31 09:05:21,67,101,209386.085843,6.98784817965,6.4280508976e+13,1
ETH_EURB,"(100, 10)",2017-10-19 20:46:26,2017-11-02 13:58:31,13,100,19024290.006,4.68487441741,2.63478297684e-07,7
ETH_LUN,"(98, 10)",2017-08-18 06:54:06,2017-11-01 03:37:17,74,98,912.470524864,24.55322025,0.0357714359361,1
ETH_E4ROW,"(97, 10)",2017-08-16 18:43:07,2017-11-02 09:52:41,77,97,119945.48,59.6939160319,0.000468519361711,1
ETH_FIT,"(96, 10)",2017-10-16 13:41:49,2017-11-02 14:24:29,17,96,4540509.62438,14.0416259754,1.99628080624e-06,5
ETH_PLY,"(94, 10)",2017-10-05 05:08:05,2017-11-02 14:09:15,28,94,27947.3299322,4.05385124208,0.000101167674905,3
ETH_0xcdb8,"(92, 10)",2017-10-22 22:15:23,2017-11-02 12:18:18,10,92,79627.0,49.176307839,0.00089656095794,9
ETH_WRC,"(89, 10)",2017-10-17 16:41:37,2017-11-01 18:59:39,15,89,194156.490819,28.9062801068,0.00018283540293,5
ETH_RENT,"(74, 10)",2017-10-08 11:41:37,2017-11-01 17:16:59,24,74,1282975.59134,7.09903285642,3.9675821747e-06,3
ETH_ELTC,"(74, 10)",2017-10-13 23:25:25,2017-11-02 10:26:37,19,74,584336.904495,7.06182918429,8.44389986458e-06,3
ETH_GUP,"(73, 10)",2017-08-30 14:32:49,2017-11-02 11:38:09,63,73,15545.062,32.1013289272,0.00408871908001,1
ETH_PGL,"(72, 10)",2017-09-11 19:51:27,2017-11-02 13:50:35,51,72,68977.5293062,29.4852925346,0.000277666985635,1
ETH_TIME,"(68, 10)",2017-08-17 10:09:29,2017-11-02 16:11:08,77,68,447.82655054,20.0807511065,0.139451217113,0
ETH_RLC,"(67, 10)",2017-08-17 17:56:13,2017-11-02 08:57:59,76,67,9475.69510943,24.6425469716,0.00201580771749,0
ETH_GNO,"(63, 10)",2017-08-18 17:45:56,2017-11-02 14:24:20,75,63,143.265302294,36.5672739914,0.36332383271,0
ETH_IQT,"(57, 10)",2017-09-22 01:07:25,2017-11-02 12:02:30,41,57,2451.31728085,2.70889617182,0.0173562267795,1
ETH_0xd51e,"(51, 10)",2017-09-19 15:51:28,2017-11-01 17:28:39,43,51,1710.0,11.307838174,0.00669988405773,1
ETH_ATT,"(47, 10)",2017-09-01 13:57:56,2017-11-02 07:13:17,61,47,4726.49957337,9.91670715355,0.00182627612236,0
ETH_PRS,"(44, 10)",2017-09-14 18:09:03,2017-11-02 14:19:20,48,44,4297.90493125,0.30236537698,6.59144212626e-05,0
ETH_0x5f6e,"(43, 10)",2017-10-23 06:35:32,2017-11-02 11:23:45,10,43,133.635599327,0.746238902689,0.00522434878379,4
ETH_MKR,"(39, 10)",2017-09-01 01:29:18,2017-10-28 13:55:48,57,39,27.4937066284,19.0346748732,0.633435698763,0
ETH_SWT,"(38, 10)",2017-08-24 11:00:11,2017-10-29 11:52:45,66,38,5042.11666051,14.1620263226,0.00744980158912,0
ETH_0x9375,"(37, 10)",2017-10-23 07:17:26,2017-11-02 13:34:23,10,37,32478.0,0.94552125789,2.4506985076e-05,3
ETH_CODE,"(37, 10)",2017-10-23 08:37:47,2017-11-02 04:53:43,9,37,104560.428422,12.3206569413,8.75460506671e-05,4
ETH_JET,"(35, 10)",2017-09-14 01:48:58,2017-11-02 12:16:46,49,35,361.221253824,0.528126551161,0.00532012612354,0
ETH_BITS,"(30, 10)",2017-09-04 18:32:40,2017-10-22 15:17:21,47,30,76086.7969472,12.0163268754,0.000230677222509,0
ETH_LLA,"(29, 10)",2017-10-12 02:27:31,2017-11-02 12:35:43,21,29,7347.98245549,0.127299916195,0.000383095751934,1
ETH_SHIT,"(26, 10)",2017-09-29 07:41:47,2017-10-22 18:55:46,23,26,222524.0,1.73817314,8.84498305019e-06,1
ETH_0x50d2,"(24, 10)",2017-10-19 20:08:51,2017-10-29 11:19:25,9,24,107306581.95,1.73820326017,1.61984775639e-08,2
ETH_SHLD,"(23, 10)",2017-10-20 03:27:41,2017-10-26 09:45:42,6,23,286750.330482,75.9346968601,0.000264811192135,3
ETH_DET,"(19, 10)",2017-10-08 09:13:16,2017-10-25 08:01:30,16,19,2630.66759713,1.66981260625,0.000634748612127,1
ETH_PPT2,"(17, 10)",2017-09-12 10:29:14,2017-11-01 23:52:40,50,17,58.411443422,3.22316158111,0.0953039422907,0
ETH_BTN,"(14, 10)",2017-09-22 10:17:01,2017-10-31 11:19:06,39,14,11383.1859,1.20139221273,0.000333042266036,0
ETH_0x91bc,"(8, 10)",2017-08-24 20:26:17,2017-10-22 18:12:33,58,8,375674.0,5.17177749439,1.34946939953e-05,0
ETH_0x6eb9,"(8, 10)",2017-10-16 00:47:13,2017-10-23 06:11:12,7,8,40999.98,0.48,1.17073227841e-05,1
ETH_0x149a,"(8, 10)",2017-10-19 12:09:00,2017-10-23 02:38:30,3,8,284403.43795,2.1102871598,7.42004799596e-06,2
ETH_0xdf75,"(8, 10)",2017-10-21 06:08:27,2017-10-22 16:43:32,1,8,14987.5348813,0.100075304511,6.67723580319e-06,8
ETH_GFL,"(6, 10)",2017-10-22 10:38:33,2017-10-28 11:53:11,6,6,2.66889185581,0.003999,0.00149837468734,1
ETH_0x7667,"(4, 10)",2017-09-04 16:27:02,2017-10-22 22:17:01,48,4,92124.9491737,0.946441643705,0.000505029271782,0
ETH_0x26f4,"(2, 10)",2017-10-23 06:25:00,2017-10-23 06:25:42,0,2,150.0,0.0012,8e-06,0
