,amount,amountBase,buyer,date,price,seller,side,tokenAddr,txHash
0,0.004874587377966082,0.000000000043871286,0x035392de57aa4fe343d86494103dbe1b068a56c6,2017-10-31T03:08:12.000Z,0.00000000899999991759,0x98b31d397cb7ecffe83167cef2c9f13e9722071e,sell,0xbc7de10afe530843e71dfb2e3872405191e8d14a,0x8723617aacde01c841810befd1827e8dce015e19c5a8cd84580306bfe115f6f5
1,10000,0.0009,0xb85d14ab22a69276e57f24130ce4215e5ffe7dc0,2017-10-31T01:25:22.000Z,0.00000009,0x946151fa04270a2d81ff3abc7f0648f1767a0fce,buy,0xbc7de10afe530843e71dfb2e3872405191e8d14a,0x36d6ffd8f66a44b615ec1284f1efb7df82a13f0d558ee7abafa1883456f72d51
2,0.49288855430430645,0.000000004435996988,0x035392de57aa4fe343d86494103dbe1b068a56c6,2017-10-31T00:53:53.000Z,0.0000000089999999985,0x3cac2e6ac26b70282d67e96d036383ad159bdfbc,sell,0xbc7de10afe530843e71dfb2e3872405191e8d14a,0xf9256b8d14ceccb2e68340b5cabe9398a27bbd45a97d0d3f8b9d065f0167c8e5
3,156,0.000001404,0x035392de57aa4fe343d86494103dbe1b068a56c6,2017-10-31T00:49:58.000Z,0.000000009,0x3cac2e6ac26b70282d67e96d036383ad159bdfbc,sell,0xbc7de10afe530843e71dfb2e3872405191e8d14a,0xeeafe0ffde6e1b338f85bc641aa70d45b9bb1447fbf5ee2c3a183e1a8d0711af
4,1569624.1650882266,0.017422828232479315,0x5d26ca4ee3be471a4c5eeccb3bac220603387c77,2017-10-31T00:46:21.000Z,0.00000001109999999999,0x3cac2e6ac26b70282d67e96d036383ad159bdfbc,sell,0xbc7de10afe530843e71dfb2e3872405191e8d14a,0x55fe9bafe436097dc5d2a2d87a54c17e1db8069aa77dadbd44ee78065536148c
5,100000,0.0012,0xf36990a2cb4d609e0a7d4f3bf884c0342d81fd3d,2017-10-31T00:39:59.000Z,0.000000012,0x3cac2e6ac26b70282d67e96d036383ad159bdfbc,sell,0xbc7de10afe530843e71dfb2e3872405191e8d14a,0x15c5854035ddc5e0087a9de7c8e371faaa4046206eed896e0c231fa01c11d5f5
6,10000000,0.14,0x48eaedfa6ab55f414a433f0778f55ed9b827e822,2017-10-31T00:36:39.000Z,0.000000014,0x3cac2e6ac26b70282d67e96d036383ad159bdfbc,sell,0xbc7de10afe530843e71dfb2e3872405191e8d14a,0xec5a98707fd930e6e0070d8a9edd0886797e93eb353e4b5f8d933db87d9aa228
7,8000000,0.12,0x61b3b420cd544e64cdc4dc3cfca79108ee9022a0,2017-10-31T00:13:21.000Z,0.000000015,0x3cac2e6ac26b70282d67e96d036383ad159bdfbc,sell,0xbc7de10afe530843e71dfb2e3872405191e8d14a,0xcf8f123212e112bcc1be8f8991440fb7e7c01f765e1f037c6b3a994410ec1491
8,70000,0.00112,0xce7b624f9fa42ae81acec1f9fb6e995a93aeda25,2017-10-31T00:05:16.000Z,0.000000016,0x3cac2e6ac26b70282d67e96d036383ad159bdfbc,sell,0xbc7de10afe530843e71dfb2e3872405191e8d14a,0x37e0fafe242ed78c4f12dfb32d7b0fe71e9487d18d92682455669506a1991951
9,5555.555555555556,0.0005,0xe444a40689f51f63bcd29910622035707d533d29,2017-10-30T03:43:56.000Z,0.00000009,0x946151fa04270a2d81ff3abc7f0648f1767a0fce,buy,0xbc7de10afe530843e71dfb2e3872405191e8d14a,0xf7f9383da7d888f80eda58d5cf7be862170ec7215de7737bd4f87ba427cdcdf5
10,5555.555555555556,0.0005,0x34f9560c63078eb61872a4dc2ccd20e21c34feaf,2017-10-30T03:41:42.000Z,0.00000009,0x946151fa04270a2d81ff3abc7f0648f1767a0fce,buy,0xbc7de10afe530843e71dfb2e3872405191e8d14a,0xf4ca15ba189a95acd8ded6e684df2eb9d473dba3e91b34c2ed31626a12ac4338
11,490.81211450565013,0.000005448014471012,0x5d26ca4ee3be471a4c5eeccb3bac220603387c77,2017-10-28T23:51:36.000Z,0.00000001109999999999,0xc647e8be3a203a77a837e6a0436fd324b84f88df,sell,0xbc7de10afe530843e71dfb2e3872405191e8d14a,0xe714be76819fa4315b9488a3a90c81897d118cdcd2383ba21ec9c061ad534437
12,1,0.00000009,0x6cdea8e07bf82d7a07dbf36642d6e5be8623845c,2017-10-22T14:07:48.000Z,0.00000009,0x946151fa04270a2d81ff3abc7f0648f1767a0fce,buy,0xbc7de10afe530843e71dfb2e3872405191e8d14a,0x9a8b3cab10d9e2ae2718808436746cdef4a5eb87b8348206f75ef938ff619021
13,10000,0.0009,0x82d99d98115565d2a58e99fc53704cee56e3c0de,2017-10-22T06:27:15.000Z,0.00000009,0x946151fa04270a2d81ff3abc7f0648f1767a0fce,buy,0xbc7de10afe530843e71dfb2e3872405191e8d14a,0x4c663f77229cdc429df8658df5b56592ea7260fa5291de86eb869898892c83b3
14,1,0.00000015,0x3ac636ac5c3a2576156ac5f10066ca68abe0ad54,2017-10-18T16:24:15.000Z,0.00000015,0xce385eb7ec5eb29302050828f69fcff5e0a88d14,buy,0xbc7de10afe530843e71dfb2e3872405191e8d14a,0x7c9dab99fec755bbcfe50d81acfd3c8c18c8b5fe5a652ace152b8076f9df2918
15,3355.7046979865772,0.0005,0xf9695cd65d6dfdf257fab76a3eb0cb8f001971cc,2017-10-18T15:34:29.000Z,0.000000149,0xd8b50d899ca5ae70e95210520301b6a9ac0cd9e8,buy,0xbc7de10afe530843e71dfb2e3872405191e8d14a,0x256dd07774b4cc244f13af03f86deba02bc2c0c783497540c7f7c216ba2effb1
16,3355.7046979865772,0.0005,0x379374d13077e8867ef31803c37baf9785a17c00,2017-10-18T15:30:12.000Z,0.000000149,0xd8b50d899ca5ae70e95210520301b6a9ac0cd9e8,buy,0xbc7de10afe530843e71dfb2e3872405191e8d14a,0x76c0b99b438d73a322afcdf4289af99e910728d320b888049a8dac734efed00e
17,3333.3333333333335,0.0005,0x16e5d97bbc92417e051e3b2cabfbf8ceea2acb9c,2017-10-17T18:19:58.000Z,0.00000015,0x0671f73668831051b71f967938d22f3584a3051d,buy,0xbc7de10afe530843e71dfb2e3872405191e8d14a,0xb3e66d73d6062c2e18a72e2af20e2ffb69c5e1efcdc84035409759193878220f
18,3333.3333333333335,0.0005,0xcd912af5286dc0b0a23edb30209734ecb60838b3,2017-10-17T06:01:25.000Z,0.00000015,0x0671f73668831051b71f967938d22f3584a3051d,buy,0xbc7de10afe530843e71dfb2e3872405191e8d14a,0x8ac0f25cefe73018e8182063c5744a81bb1946fb243dc0d60a2f66e0cab53548
19,2512.5628140703516,0.0005,0x3bfdec5343e950ce45522eef9948c977631b4000,2017-10-15T20:50:37.000Z,0.000000199,0x9adce261bd078192e788fd87e0112fa50ae5b770,buy,0xbc7de10afe530843e71dfb2e3872405191e8d14a,0xf4a5f95955a1b3d996d250743540e51fcaee225643dc21dba206e8cb9122f5d9
20,2512.5628140703516,0.0005,0x350f6f675b20d606bb7f6c412ef4775c9bc57168,2017-10-15T20:50:37.000Z,0.000000199,0x9adce261bd078192e788fd87e0112fa50ae5b770,buy,0xbc7de10afe530843e71dfb2e3872405191e8d14a,0x77332f85d2624c2e7404bcd5b78c275633512049330a9439c94a26a98c02807d
21,1001011,0.11011121,0xce385eb7ec5eb29302050828f69fcff5e0a88d14,2017-10-12T09:58:03.000Z,0.00000011,0xce385eb7ec5eb29302050828f69fcff5e0a88d14,sell,0xbc7de10afe530843e71dfb2e3872405191e8d14a,0xe65a86ac1b9ff6dc1066c79a568bfad69e5925bf75f4ea6aa6fe558ed7a8a74c
22,1001011,0.1001011,0xce385eb7ec5eb29302050828f69fcff5e0a88d14,2017-10-12T09:57:06.000Z,0.0000001,0xce385eb7ec5eb29302050828f69fcff5e0a88d14,sell,0xbc7de10afe530843e71dfb2e3872405191e8d14a,0xb193ef9712d137bb6ebef5c2bb91707c4697a171c07aceb57ab792b8bf8797f6
23,300000,0.036,0x09c450150abc14c949a942d2e7573b7ce0bc5dad,2017-10-09T00:50:27.000Z,0.00000012,0x32949467fdfdf5907ede0da062d9ba6b22a998e8,buy,0xbc7de10afe530843e71dfb2e3872405191e8d14a,0x6316c9d47bde6b9f3ea21049a633f7d3d70165480b48507f948210a274f3d9fb
24,31455.939,0.00283103451,0x035392de57aa4fe343d86494103dbe1b068a56c6,2017-10-09T00:23:39.000Z,0.00000009,0x32949467fdfdf5907ede0da062d9ba6b22a998e8,sell,0xbc7de10afe530843e71dfb2e3872405191e8d14a,0x18456d15245cb755a0be0ba6c56f1ecec155d6c1fdf5c747c435d512206c6a57
25,185185.185,0.01666666665,0x5d5065b42bdee0274e394ba9042c21e1818c69cf,2017-10-09T00:16:06.000Z,0.00000009,0x32949467fdfdf5907ede0da062d9ba6b22a998e8,sell,0xbc7de10afe530843e71dfb2e3872405191e8d14a,0x21fb0cca3b18820a562cb01bcd9fca2738d9065ce245debd5b2f9cf0f5e83ce7
26,58404.178,0.00817658492,0xd8b50d899ca5ae70e95210520301b6a9ac0cd9e8,2017-10-08T19:24:45.000Z,0.00000014,0x5524662fa37df94a7c1c8bb7bcf001defb00f57d,buy,0xbc7de10afe530843e71dfb2e3872405191e8d14a,0xe478f7316e196c72ca51fa6373995213647335276b7a9c97a802ed6c1f6ef29c
27,30000,0.0042,0x78b0e4933f5b7d90102367e28efcde256998411e,2017-10-07T21:04:30.000Z,0.00000014,0x5524662fa37df94a7c1c8bb7bcf001defb00f57d,buy,0xbc7de10afe530843e71dfb2e3872405191e8d14a,0xde8c6c2fe1c9fcec811fada9d5269ee7804eceea28de34156d912163df9c1cb7
28,500000,0.0985,0x2d9e8cc02e467603af86f743ce3b7cee269f99de,2017-10-07T17:35:10.000Z,0.000000197,0x946151fa04270a2d81ff3abc7f0648f1767a0fce,buy,0xbc7de10afe530843e71dfb2e3872405191e8d14a,0xc5aaec0c5010d9b736a5bdde7f8850bd7dfebcc0d2df8f514371f58166f13a03
29,0.000321225540823447,0.000000000028910298,0x035392de57aa4fe343d86494103dbe1b068a56c6,2017-10-06T22:22:00.000Z,0.00000008999999790144,0x82d99d98115565d2a58e99fc53704cee56e3c0de,sell,0xbc7de10afe530843e71dfb2e3872405191e8d14a,0xad573194e232177d528fcd4a236903b303a1c2418f996305a8ca58b9c9037f10
30,795020.384,0.0795020384,0x2dd49d88652ce229335e670d3ea2d3c34c4600ed,2017-10-05T16:45:44.000Z,0.0000001,0x82d99d98115565d2a58e99fc53704cee56e3c0de,buy,0xbc7de10afe530843e71dfb2e3872405191e8d14a,0xc406c70b822f69bb3443ff63cc19bea349fd1a477793abd98070cc4c8ab985b2
31,4969.61567777866,0.000496961567777866,0x2dd49d88652ce229335e670d3ea2d3c34c4600ed,2017-10-05T16:42:39.000Z,0.0000001,0x82d99d98115565d2a58e99fc53704cee56e3c0de,buy,0xbc7de10afe530843e71dfb2e3872405191e8d14a,0x4b0c34c6400aec1043533cf06f5adfcd5770516197a3f400e10f233dc692a856
32,10,0.000001,0xd8a62ad8a7efa8a3267932d2e478c026566fbe34,2017-10-05T14:45:06.000Z,0.0000001,0x82d99d98115565d2a58e99fc53704cee56e3c0de,buy,0xbc7de10afe530843e71dfb2e3872405191e8d14a,0xd17248fbd0f2d14651ee0ab3224fcef515f00a45ff61a6414dc97864834e7a01
33,107600.054,0.0107600054,0xf0a59d01095c347ae52e907e05d76e84b9845677,2017-10-04T23:05:18.000Z,0.0000001,0x82d99d98115565d2a58e99fc53704cee56e3c0de,buy,0xbc7de10afe530843e71dfb2e3872405191e8d14a,0x586bb06c6b9565ead99baf7640d32cb0ea9812703a091955bcd030cb398fe42f
34,50000,0.005,0x8b182a4526944fa498970732a69a95d281c3c8a9,2017-10-04T06:57:07.000Z,0.0000001,0x82d99d98115565d2a58e99fc53704cee56e3c0de,buy,0xbc7de10afe530843e71dfb2e3872405191e8d14a,0xe91ce922fef35fa0c0c7f5289e605996b7774588fca2babd16e5a0fa667c2db3
35,24378.551535055703,0.002315962395830291,0x0671f73668831051b71f967938d22f3584a3051d,2017-10-03T17:32:21.000Z,0.00000009499999999999,0x1943d4b6ef3e8b4cbf217a515483129832526f1c,sell,0xbc7de10afe530843e71dfb2e3872405191e8d14a,0xd442b5ba43b868c577ae24bea1c13e0967c8b9c50efdabaa7148b8d854dafaca
36,200000,0.02,0x0671f73668831051b71f967938d22f3584a3051d,2017-10-03T01:43:41.000Z,0.0000001,0x82d99d98115565d2a58e99fc53704cee56e3c0de,buy,0xbc7de10afe530843e71dfb2e3872405191e8d14a,0x7ad9ee82cbddbf1e54d08cfa573879e111dc951f63f14da50888ec750d67c994
37,50000,0.0049,0x8b182a4526944fa498970732a69a95d281c3c8a9,2017-10-02T03:59:19.000Z,0.000000098,0x960b547fa23caeb25b9e36b915f58437a5db3405,buy,0xbc7de10afe530843e71dfb2e3872405191e8d14a,0x21b1f7b7fd90dc93e26d51beca1edbd8ceb3e79fa3680320604d9444d0909739
38,68544.06037927291,0.006168965434134561,0x035392de57aa4fe343d86494103dbe1b068a56c6,2017-09-30T09:50:47.000Z,0.00000008999999999999,0x64dcca9d2091012bd3e1e5235d703f72f4d65746,sell,0xbc7de10afe530843e71dfb2e3872405191e8d14a,0x5fb9f7f8abd1af1d013f025f723df7376a6c50b261752f8d805b009077ab778f
39,10173.30562241404,0.000996983950996576,0x0671f73668831051b71f967938d22f3584a3051d,2017-09-29T15:46:50.000Z,0.000000098,0x960b547fa23caeb25b9e36b915f58437a5db3405,buy,0xbc7de10afe530843e71dfb2e3872405191e8d14a,0xcc47f8793312c7d9df0ecd0e88c0b12570143043a39974a72909a53e97cc9497
40,19494.949,0.001929999951,0xa0be78d2bac6a692adba423c7af50ec86a18bddf,2017-09-28T14:17:35.000Z,0.000000099,0x971f30c325d9924ad472adf0bf98702502baad93,buy,0xbc7de10afe530843e71dfb2e3872405191e8d14a,0xef598b06a4f72d08f9c0c8d466f58f7e3f822d64a0b51e395f7c5597baa2a8c8
41,5050.50505050505,0.0005,0xc886b21b865e7c90432d9b8bdb14ad254f2232f5,2017-09-25T05:43:05.000Z,0.000000099,0x971f30c325d9924ad472adf0bf98702502baad93,buy,0xbc7de10afe530843e71dfb2e3872405191e8d14a,0x861ae39ae93922dd09c3776fcf10ea50c7420e46f17bf9a4248f49300b383586
42,5050.50505050505,0.0005,0xe37bd4d49c619e748d4efe74525489d26b6aff43,2017-09-25T05:24:11.000Z,0.000000099,0x971f30c325d9924ad472adf0bf98702502baad93,buy,0xbc7de10afe530843e71dfb2e3872405191e8d14a,0xb8115f8011259db3eec03615d6c4164bb1e1f165b61927f1ea97ec3855469963
43,5050.50505050505,0.0005,0x23ee598e50ff1b1bde1022bf3c8a41d4c23321a0,2017-09-25T00:57:01.000Z,0.000000099,0x971f30c325d9924ad472adf0bf98702502baad93,buy,0xbc7de10afe530843e71dfb2e3872405191e8d14a,0xa5381472986b7224bbbde6988e8ca6192f44678dc2b607b4eb934655ff1115b8
44,5050.50505050505,0.0005,0xe5a759eb3e214ff0a2bbbea31acc41c9bf27b239,2017-09-25T00:33:33.000Z,0.000000099,0x971f30c325d9924ad472adf0bf98702502baad93,buy,0xbc7de10afe530843e71dfb2e3872405191e8d14a,0xa633644a1a6d085147d66d6a0c7b35d3c2ae893836ef4fa53b03fc0a8920c217
45,5050.50505050505,0.0005,0x160506e5a5ce5dadd43623689f53d5aa1f288f0f,2017-09-25T00:14:37.000Z,0.000000099,0x971f30c325d9924ad472adf0bf98702502baad93,buy,0xbc7de10afe530843e71dfb2e3872405191e8d14a,0x0273fea5a4c9935938fe1ad4b10774d769bc50f994635e6367e6992ea51c5e20
46,5050.50505050505,0.0005,0x452b06f1c61cff4c9bebaa405319a7c3b12553a2,2017-09-23T23:29:51.000Z,0.000000099,0x971f30c325d9924ad472adf0bf98702502baad93,buy,0xbc7de10afe530843e71dfb2e3872405191e8d14a,0x3179af8263af24ecdbe536b2d9ac7642f9898c9e45896fef7c8930c83e7ea064
47,5050.50505050505,0.0005,0xc22f5ab4f1591613a92b4d172cc7f4e4a5af58cd,2017-09-23T23:29:51.000Z,0.000000099,0x971f30c325d9924ad472adf0bf98702502baad93,buy,0xbc7de10afe530843e71dfb2e3872405191e8d14a,0x076d06b73c37839870dd8547710059e247a184587ed336fa3f59b7b060414ac1
48,5050.50505050505,0.0005,0x2ba19ec4bcd5ae8de66b110bde5ebf41092bd02f,2017-09-23T19:23:46.000Z,0.000000099,0x971f30c325d9924ad472adf0bf98702502baad93,buy,0xbc7de10afe530843e71dfb2e3872405191e8d14a,0x7b881e344acfc4d17408a44105ff845e1c49bd668ea6bbf0a222a0532a08345e
49,5050.50505050505,0.0005,0x18a902dc44442205b4ba2b1dc038e67506d22c55,2017-09-23T16:33:08.000Z,0.000000099,0x971f30c325d9924ad472adf0bf98702502baad93,buy,0xbc7de10afe530843e71dfb2e3872405191e8d14a,0x6fd0adb964cb94a24f4b14fe7ccd14ab068a9ea902a1bb4f79dea890dc13006e
50,5050.50505050505,0.0005,0xd868b838b5de79f1e540b5d83c9e9a3d0b3810cd,2017-09-23T16:29:58.000Z,0.000000099,0x971f30c325d9924ad472adf0bf98702502baad93,buy,0xbc7de10afe530843e71dfb2e3872405191e8d14a,0xdf37b8820ad9235e55b020513ecc97d2509e794e15a397fed76e53be4e48f748
51,5000,0.0005,0x999dbc9673afdd6b6c140c261297f89de35ff1b3,2017-09-22T06:30:04.000Z,0.0000001,0x82d99d98115565d2a58e99fc53704cee56e3c0de,buy,0xbc7de10afe530843e71dfb2e3872405191e8d14a,0xb126789b42adc8d458ea7234047b41fb42194d648bda2d11ee9474a7e88077d5
52,5000,0.0005,0x999dbc9673afdd6b6c140c261297f89de35ff1b3,2017-09-22T05:38:17.000Z,0.0000001,0x82d99d98115565d2a58e99fc53704cee56e3c0de,buy,0xbc7de10afe530843e71dfb2e3872405191e8d14a,0x01624562c8c8618a679860428a352939653d505f135b3151d621f430464da23f
53,5000,0.0005,0x8612d2a48328bbf318b856ed0daaa4a7034383d0,2017-09-22T05:29:32.000Z,0.0000001,0x82d99d98115565d2a58e99fc53704cee56e3c0de,buy,0xbc7de10afe530843e71dfb2e3872405191e8d14a,0x2d41109705b2fbaa1ea9ccd449355ea8d3e348faaf69d13f9829bc0120eaef79
54,5000,0.0005,0x10c12555236fa11fc988be565ab70c82a4660ecf,2017-09-22T05:29:07.000Z,0.0000001,0x82d99d98115565d2a58e99fc53704cee56e3c0de,buy,0xbc7de10afe530843e71dfb2e3872405191e8d14a,0x3a28f55a7cb8f4b1313a5613beb80297a5e4e18de9d5c07f9a95e48bb0edfb5e
55,5000,0.0005,0x8f28b1970e72adb11173044ebc762800e3128238,2017-09-22T05:15:28.000Z,0.0000001,0x82d99d98115565d2a58e99fc53704cee56e3c0de,buy,0xbc7de10afe530843e71dfb2e3872405191e8d14a,0x5e8f04c9f1ce3ce624d69cd7a035ebb41c5fd035d0cf756bbc1e3107bd894545
56,5000,0.0005,0x7ed2114439b24152cf18c02c10cae681a7ca2adc,2017-09-22T05:14:41.000Z,0.0000001,0x82d99d98115565d2a58e99fc53704cee56e3c0de,buy,0xbc7de10afe530843e71dfb2e3872405191e8d14a,0x35693d8bed3d142edf00dc600b376cdc1886936c3db16969d0ca223611396fe0
57,5000,0.0005,0x03dd03643b71b06642179afb38211c0f45699bc5,2017-09-22T05:08:25.000Z,0.0000001,0x82d99d98115565d2a58e99fc53704cee56e3c0de,buy,0xbc7de10afe530843e71dfb2e3872405191e8d14a,0x917221f5de556ee6ebf90892058d95152248678f7fc3935024a8f9a5fd0fadf5
58,5982,0.00047856,0xe1b70fc15811f1d1e8993ecc765aded8531024ff,2017-09-20T01:05:17.000Z,0.00000008,0x82d99d98115565d2a58e99fc53704cee56e3c0de,sell,0xbc7de10afe530843e71dfb2e3872405191e8d14a,0x6bcdae43f9c4d1f7bbf06cb54ad9f11dced79997d618e3dd5be0e25b7ca7d3f7
59,800000,0.064,0xe1b70fc15811f1d1e8993ecc765aded8531024ff,2017-09-20T01:01:44.000Z,0.00000008,0x82d99d98115565d2a58e99fc53704cee56e3c0de,sell,0xbc7de10afe530843e71dfb2e3872405191e8d14a,0x2e722ffd7ad65d1cedd220b7b091abb9114b45d9ec922daaaf57b1c37459133d
60,138988.70285676367,0.011119096228541092,0xe1b70fc15811f1d1e8993ecc765aded8531024ff,2017-09-19T19:47:37.000Z,0.00000007999999999999,0x93bf27a3512f28a4ce66ebd0bc0fc8dfd0602448,sell,0xbc7de10afe530843e71dfb2e3872405191e8d14a,0x73abd107c99608e36836999c161d0bfa04088afeb22ac178e3318f37dbb3bd8e
61,30000,0.00246,0x78b0e4933f5b7d90102367e28efcde256998411e,2017-09-19T14:58:18.000Z,0.000000082,0x93bf27a3512f28a4ce66ebd0bc0fc8dfd0602448,sell,0xbc7de10afe530843e71dfb2e3872405191e8d14a,0x90b5a692b1d3d537abe162dd471f2136ccdbd41b7993a206a201093460d7ceb3
62,70000,0.00581,0x971f30c325d9924ad472adf0bf98702502baad93,2017-09-19T14:57:21.000Z,0.000000083,0x93bf27a3512f28a4ce66ebd0bc0fc8dfd0602448,sell,0xbc7de10afe530843e71dfb2e3872405191e8d14a,0x0317650af4931dab838033478cd6108293117e2a6ded7caa1313f2847a7c1f27
63,1,0.0000018,0xd6f29f2fb0a1dc783aeab42ce7ce9276f8e14a54,2017-09-19T02:13:24.000Z,0.0000018,0xce385eb7ec5eb29302050828f69fcff5e0a88d14,buy,0xbc7de10afe530843e71dfb2e3872405191e8d14a,0x6b3cbbe4715cdb9d472cd66e241402fb4ca043e43839bb278a16eeb734801e74
64,1,0.0000018,0xd6f29f2fb0a1dc783aeab42ce7ce9276f8e14a54,2017-09-19T02:09:01.000Z,0.0000018,0xce385eb7ec5eb29302050828f69fcff5e0a88d14,buy,0xbc7de10afe530843e71dfb2e3872405191e8d14a,0xfc3e6569645c47f4402d6dafc93650feecd0f9068d5b35a7a595b1082cdae043
65,1,0.0000018,0xd6f29f2fb0a1dc783aeab42ce7ce9276f8e14a54,2017-09-19T02:05:01.000Z,0.0000018,0xce385eb7ec5eb29302050828f69fcff5e0a88d14,buy,0xbc7de10afe530843e71dfb2e3872405191e8d14a,0x6c3338f30ead581c08c198eb5bb691d515548849caf59e0a54cd53764d64a452
66,1,0.0000018,0xd6f29f2fb0a1dc783aeab42ce7ce9276f8e14a54,2017-09-19T02:00:29.000Z,0.0000018,0xce385eb7ec5eb29302050828f69fcff5e0a88d14,buy,0xbc7de10afe530843e71dfb2e3872405191e8d14a,0xf6e47fbe8039ff7fee2a106edb1a413df4ee624ef0fdceafc865b4a380927993
67,1,0.0000018,0xd6f29f2fb0a1dc783aeab42ce7ce9276f8e14a54,2017-09-19T01:54:44.000Z,0.0000018,0xce385eb7ec5eb29302050828f69fcff5e0a88d14,buy,0xbc7de10afe530843e71dfb2e3872405191e8d14a,0xdef66f795cf81718f3946f836c33b783c09e85bda93f4a5ea369a8a78c4eb25d
68,1,0.0000018,0xd6f29f2fb0a1dc783aeab42ce7ce9276f8e14a54,2017-09-19T01:53:27.000Z,0.0000018,0xce385eb7ec5eb29302050828f69fcff5e0a88d14,buy,0xbc7de10afe530843e71dfb2e3872405191e8d14a,0xd03a81447cd9ccc197281657e462cbfd49976a26131d1b130cb3a6493302cc48
69,1,0.0000018,0xd6f29f2fb0a1dc783aeab42ce7ce9276f8e14a54,2017-09-19T01:45:00.000Z,0.0000018,0xce385eb7ec5eb29302050828f69fcff5e0a88d14,buy,0xbc7de10afe530843e71dfb2e3872405191e8d14a,0x0ba9c8850ca3ffa74e0ff10b5e643c35cf1ab84a68129175c299f6b122d0df4f
70,1,0.0000018,0xd6f29f2fb0a1dc783aeab42ce7ce9276f8e14a54,2017-09-19T01:42:15.000Z,0.0000018,0xce385eb7ec5eb29302050828f69fcff5e0a88d14,buy,0xbc7de10afe530843e71dfb2e3872405191e8d14a,0x17bbf1362b873cca03d913c8fdedbecb54702fe1deaa7df6ce4384ca7f172ccd
71,1,0.0000018,0xd6f29f2fb0a1dc783aeab42ce7ce9276f8e14a54,2017-09-19T01:37:10.000Z,0.0000018,0xce385eb7ec5eb29302050828f69fcff5e0a88d14,buy,0xbc7de10afe530843e71dfb2e3872405191e8d14a,0xd3c2ec81ccea66462521bb4c09ce50f72251f4b45af0eda5eec57323b839f3aa
72,1,0.0000018,0xd6f29f2fb0a1dc783aeab42ce7ce9276f8e14a54,2017-09-19T01:33:01.000Z,0.0000018,0xce385eb7ec5eb29302050828f69fcff5e0a88d14,buy,0xbc7de10afe530843e71dfb2e3872405191e8d14a,0xb2eadd6d3868b3f13b22253b2206cc0a8b22faa1e73c1cbc018a30bfcaa186bd
73,1,0.0000018,0xd6f29f2fb0a1dc783aeab42ce7ce9276f8e14a54,2017-09-19T01:29:16.000Z,0.0000018,0xce385eb7ec5eb29302050828f69fcff5e0a88d14,buy,0xbc7de10afe530843e71dfb2e3872405191e8d14a,0x7e2db9b59b950b742faf8cd5f05ef785a4554174b3fe0293cf2b7654ce62d8ad
74,1,0.0000018,0xd6f29f2fb0a1dc783aeab42ce7ce9276f8e14a54,2017-09-19T01:25:43.000Z,0.0000018,0xce385eb7ec5eb29302050828f69fcff5e0a88d14,buy,0xbc7de10afe530843e71dfb2e3872405191e8d14a,0x0d9c4089650d8b9f31ffeefbc992ead27c86e3e35ff1b8d3aab7d65ddf9ea535
75,1,0.0000018,0xd6f29f2fb0a1dc783aeab42ce7ce9276f8e14a54,2017-09-19T01:22:23.000Z,0.0000018,0xce385eb7ec5eb29302050828f69fcff5e0a88d14,buy,0xbc7de10afe530843e71dfb2e3872405191e8d14a,0xc22a436e4988fb5a86d23194d293ed8572ed2f1fdb2932a64f91037c76b03ab5
76,1,0.0000018,0xd6f29f2fb0a1dc783aeab42ce7ce9276f8e14a54,2017-09-19T01:18:41.000Z,0.0000018,0xce385eb7ec5eb29302050828f69fcff5e0a88d14,buy,0xbc7de10afe530843e71dfb2e3872405191e8d14a,0xd8b6d21f3e2379f0653a0a14f53f5bc02f5857c671fc81b452fb7b1ee4c544fb
77,1,0.0000018,0xd6f29f2fb0a1dc783aeab42ce7ce9276f8e14a54,2017-09-19T01:16:04.000Z,0.0000018,0xce385eb7ec5eb29302050828f69fcff5e0a88d14,buy,0xbc7de10afe530843e71dfb2e3872405191e8d14a,0xb1da77a1c95c34d60d05af08b4a01780bf66a00d8d3db6ca460216a5ade6afaf
78,1,0.0000018,0xd6f29f2fb0a1dc783aeab42ce7ce9276f8e14a54,2017-09-19T01:13:14.000Z,0.0000018,0xce385eb7ec5eb29302050828f69fcff5e0a88d14,buy,0xbc7de10afe530843e71dfb2e3872405191e8d14a,0xbb56d05b8200e79d5e744d25cdd9becf5b40354b23ccc3db6613d55b5e4800fb
79,1,0.0000018,0xd6f29f2fb0a1dc783aeab42ce7ce9276f8e14a54,2017-09-19T01:11:04.000Z,0.0000018,0xce385eb7ec5eb29302050828f69fcff5e0a88d14,buy,0xbc7de10afe530843e71dfb2e3872405191e8d14a,0xee1993eaaaaaffcb314a87aa7d5afd109ca1b3a3ee20247be59ed8399b3ced5b
80,1,0.0000018,0xd6f29f2fb0a1dc783aeab42ce7ce9276f8e14a54,2017-09-19T01:08:54.000Z,0.0000018,0xce385eb7ec5eb29302050828f69fcff5e0a88d14,buy,0xbc7de10afe530843e71dfb2e3872405191e8d14a,0xe99b5fb76d5d0615719f844cd6ff9f14cdd003999b6d76d112bf67a7cef64897
81,1,0.0000018,0xd6f29f2fb0a1dc783aeab42ce7ce9276f8e14a54,2017-09-19T01:06:21.000Z,0.0000018,0xce385eb7ec5eb29302050828f69fcff5e0a88d14,buy,0xbc7de10afe530843e71dfb2e3872405191e8d14a,0x0095cd181576f05790033fece84aaaa5fc405b09245c6a9e348fd507f8ed1fd5
82,1,0.0000018,0xd6f29f2fb0a1dc783aeab42ce7ce9276f8e14a54,2017-09-19T01:03:41.000Z,0.0000018,0xce385eb7ec5eb29302050828f69fcff5e0a88d14,buy,0xbc7de10afe530843e71dfb2e3872405191e8d14a,0x284760ffecb933a279db7a7d793a5f9accf905c3aa9bae6581743189e4177035
83,1,0.0000018,0xd6f29f2fb0a1dc783aeab42ce7ce9276f8e14a54,2017-09-19T01:01:19.000Z,0.0000018,0xce385eb7ec5eb29302050828f69fcff5e0a88d14,buy,0xbc7de10afe530843e71dfb2e3872405191e8d14a,0x9fd5ba083d0d1e769e69e11d024358d572c214be380e530328c04af59889a3f0
84,1,0.0000018,0xd6f29f2fb0a1dc783aeab42ce7ce9276f8e14a54,2017-09-19T00:58:33.000Z,0.0000018,0xce385eb7ec5eb29302050828f69fcff5e0a88d14,buy,0xbc7de10afe530843e71dfb2e3872405191e8d14a,0x4f2099d3617bfe83482534b7137289759ffed3b3d25fa0fd2a2842d989d4eb50
85,1,0.0000018,0xd6f29f2fb0a1dc783aeab42ce7ce9276f8e14a54,2017-09-19T00:58:09.000Z,0.0000018,0xce385eb7ec5eb29302050828f69fcff5e0a88d14,buy,0xbc7de10afe530843e71dfb2e3872405191e8d14a,0xa70e8863451b2d4b139faaf7d9b48ac15acf3ce0dfbd3d86601e7e02e1d79e17
86,1,0.0000018,0xd6f29f2fb0a1dc783aeab42ce7ce9276f8e14a54,2017-09-19T00:54:13.000Z,0.0000018,0xce385eb7ec5eb29302050828f69fcff5e0a88d14,buy,0xbc7de10afe530843e71dfb2e3872405191e8d14a,0x37d48a79b67f0f3a93a0393140de854f72cd7781f1a06185a63a2cc8ca6a1fbb
87,1,0.0000018,0xd6f29f2fb0a1dc783aeab42ce7ce9276f8e14a54,2017-09-19T00:51:35.000Z,0.0000018,0xce385eb7ec5eb29302050828f69fcff5e0a88d14,buy,0xbc7de10afe530843e71dfb2e3872405191e8d14a,0xd8de360a0c0c07c55ba36e1f9f5ff5e8f2d4752e26bf7ce06f83a065a6ddc7b7
88,1,0.0000018,0xd6f29f2fb0a1dc783aeab42ce7ce9276f8e14a54,2017-09-19T00:50:06.000Z,0.0000018,0xce385eb7ec5eb29302050828f69fcff5e0a88d14,buy,0xbc7de10afe530843e71dfb2e3872405191e8d14a,0x166df66e970f5be2bd8605abd40143bc67c0246cce07ccb99d563970b2fce119
89,1,0.0000018,0xd6f29f2fb0a1dc783aeab42ce7ce9276f8e14a54,2017-09-19T00:47:47.000Z,0.0000018,0xce385eb7ec5eb29302050828f69fcff5e0a88d14,buy,0xbc7de10afe530843e71dfb2e3872405191e8d14a,0xbedf4f7eb6a26eddd0fbb2aa373f6258e52e1e55758bf62979d51ff655c19f46
90,1,0.0000018,0xd6f29f2fb0a1dc783aeab42ce7ce9276f8e14a54,2017-09-19T00:46:00.000Z,0.0000018,0xce385eb7ec5eb29302050828f69fcff5e0a88d14,buy,0xbc7de10afe530843e71dfb2e3872405191e8d14a,0x04257ac10196d2a87527c8a1e7555e01ad8d2659aba1472010e1765e99b2ff73
91,1,0.0000018,0xd6f29f2fb0a1dc783aeab42ce7ce9276f8e14a54,2017-09-19T00:42:34.000Z,0.0000018,0xce385eb7ec5eb29302050828f69fcff5e0a88d14,buy,0xbc7de10afe530843e71dfb2e3872405191e8d14a,0x090900acc41103347c8db09b22bef928352d2292b180ad2c7e6791088221d452
92,1,0.0000018,0xd6f29f2fb0a1dc783aeab42ce7ce9276f8e14a54,2017-09-19T00:41:37.000Z,0.0000018,0xce385eb7ec5eb29302050828f69fcff5e0a88d14,buy,0xbc7de10afe530843e71dfb2e3872405191e8d14a,0xb87d4d3e43b72c29fb18a0b624ac4d2198766c7849d095e6c42819182175726e
93,1,0.0000018,0xd6f29f2fb0a1dc783aeab42ce7ce9276f8e14a54,2017-09-19T00:41:09.000Z,0.0000018,0xce385eb7ec5eb29302050828f69fcff5e0a88d14,buy,0xbc7de10afe530843e71dfb2e3872405191e8d14a,0x16526ea4955420f77171ee8a620124bb641aba88e9613632ff26c63cb1cfa5cb
94,1,0.0000018,0xd6f29f2fb0a1dc783aeab42ce7ce9276f8e14a54,2017-09-19T00:37:21.000Z,0.0000018,0xce385eb7ec5eb29302050828f69fcff5e0a88d14,buy,0xbc7de10afe530843e71dfb2e3872405191e8d14a,0x10935245cd35e72f1f45d84975f228e2aaef60e1289a62714ccb03442ec44f1e
95,1,0.0000018,0xd6f29f2fb0a1dc783aeab42ce7ce9276f8e14a54,2017-09-19T00:34:40.000Z,0.0000018,0xce385eb7ec5eb29302050828f69fcff5e0a88d14,buy,0xbc7de10afe530843e71dfb2e3872405191e8d14a,0xa357feb888855de512a6e4e9ead29232f7ccebb2a43030cb2e8e36577a5185be
96,1,0.0000018,0xd6f29f2fb0a1dc783aeab42ce7ce9276f8e14a54,2017-09-19T00:32:37.000Z,0.0000018,0xce385eb7ec5eb29302050828f69fcff5e0a88d14,buy,0xbc7de10afe530843e71dfb2e3872405191e8d14a,0x167af1b1f4e9caeedfd266101ea087537491dc07b9e93b508cd5cb3ca18ec9dc
97,1,0.0000018,0xd6f29f2fb0a1dc783aeab42ce7ce9276f8e14a54,2017-09-19T00:28:29.000Z,0.0000018,0xce385eb7ec5eb29302050828f69fcff5e0a88d14,buy,0xbc7de10afe530843e71dfb2e3872405191e8d14a,0xdfc6bbd570ce7bc9ea51d01458637aa8bc05f0cc281521e6f9670357b2ac9c78
98,1,0.0000018,0xd6f29f2fb0a1dc783aeab42ce7ce9276f8e14a54,2017-09-19T00:26:04.000Z,0.0000018,0xce385eb7ec5eb29302050828f69fcff5e0a88d14,buy,0xbc7de10afe530843e71dfb2e3872405191e8d14a,0x26b59d2cba7298e57119eff149d554a58e271a97cf8c8be109c6181806409768
99,1,0.0000018,0xd6f29f2fb0a1dc783aeab42ce7ce9276f8e14a54,2017-09-19T00:23:18.000Z,0.0000018,0xce385eb7ec5eb29302050828f69fcff5e0a88d14,buy,0xbc7de10afe530843e71dfb2e3872405191e8d14a,0x6bd863939605e302b36cc91804d5cae73e2127cacefde257d359fd177a8e745a
100,1,0.0000018,0xd6f29f2fb0a1dc783aeab42ce7ce9276f8e14a54,2017-09-19T00:19:36.000Z,0.0000018,0xce385eb7ec5eb29302050828f69fcff5e0a88d14,buy,0xbc7de10afe530843e71dfb2e3872405191e8d14a,0x84e82e3492f0ab91df62096b0d9b11e378135245ece9f5b9f14d677949703619
101,1,0.0000018,0xd6f29f2fb0a1dc783aeab42ce7ce9276f8e14a54,2017-09-19T00:15:43.000Z,0.0000018,0xce385eb7ec5eb29302050828f69fcff5e0a88d14,buy,0xbc7de10afe530843e71dfb2e3872405191e8d14a,0xa1a379bf84cb4d73f69b5ac8501199f0024f99f36c1aa98bb9e37862dbd23f43
102,2800000,0.28,0xe497d06738e3e087a99a3758e247ed0fde44e02c,2017-09-18T15:13:45.000Z,0.0000001,0xce385eb7ec5eb29302050828f69fcff5e0a88d14,sell,0xbc7de10afe530843e71dfb2e3872405191e8d14a,0x267ad2135b59ffad23fa99b101b97680ea29284cf5d39d0db6a0696785f10809
103,15005.441458944015,0.002971077408870915,0x1579c988f8c718e170406a057ac44bf7a61feda7,2017-09-17T23:26:46.000Z,0.000000198,0x93bf27a3512f28a4ce66ebd0bc0fc8dfd0602448,buy,0xbc7de10afe530843e71dfb2e3872405191e8d14a,0x7ef3a007c931991faaf8c42f362f0ff2098e3d3bd170b46080a7a3ddf4317f14
104,100000,0.01,0xe497d06738e3e087a99a3758e247ed0fde44e02c,2017-09-17T14:20:05.000Z,0.0000001,0x93bf27a3512f28a4ce66ebd0bc0fc8dfd0602448,sell,0xbc7de10afe530843e71dfb2e3872405191e8d14a,0xc0a6ca451e46e8cdf15a811555317dc00722b5a7f83d861e51544a9f8325cf5d
105,300000,0.03,0xe497d06738e3e087a99a3758e247ed0fde44e02c,2017-09-17T11:33:05.000Z,0.0000001,0x93bf27a3512f28a4ce66ebd0bc0fc8dfd0602448,sell,0xbc7de10afe530843e71dfb2e3872405191e8d14a,0x754ec605416d5b15edf0dd6689bec0e7d1c2371447e4caf30146bad48d4b0613
106,300000,0.03,0xe497d06738e3e087a99a3758e247ed0fde44e02c,2017-09-17T11:08:41.000Z,0.0000001,0x93bf27a3512f28a4ce66ebd0bc0fc8dfd0602448,sell,0xbc7de10afe530843e71dfb2e3872405191e8d14a,0xf9003d7fe5139699fb54117bb056fe3c65c7b99504ed9686fecb40a533a712f0
107,2645.5026455026455,0.0005,0x42c24a83bded723edfdf5883bc7efb30bc1a1bf3,2017-09-16T17:50:28.000Z,0.000000189,0x93bf27a3512f28a4ce66ebd0bc0fc8dfd0602448,buy,0xbc7de10afe530843e71dfb2e3872405191e8d14a,0x803ca9bfc6d121f3190c03f5a1dc9d5c3c517c89c4f5393f4bd3887aaa8d019d
108,2645.5026455026455,0.0005,0x0f657c396dfcd6c59bb82b89fc3adbe5f90ce153,2017-09-16T16:02:29.000Z,0.000000189,0x93bf27a3512f28a4ce66ebd0bc0fc8dfd0602448,buy,0xbc7de10afe530843e71dfb2e3872405191e8d14a,0xd434ac24079e5c3385b109ac820c4cfcafd7d72c785bd3ed65bb74f98f5db507
109,2645.5026455026455,0.0005,0x1f8ac99600c61189d92c85cc760735b9e0067a60,2017-09-16T15:51:30.000Z,0.000000189,0x93bf27a3512f28a4ce66ebd0bc0fc8dfd0602448,buy,0xbc7de10afe530843e71dfb2e3872405191e8d14a,0xab6ed57b7972fc4b58243176341f6887ef44e51327c993c31458071550e116a6
110,1500,0.0002835,0x035392de57aa4fe343d86494103dbe1b068a56c6,2017-09-15T21:30:52.000Z,0.000000189,0x93bf27a3512f28a4ce66ebd0bc0fc8dfd0602448,buy,0xbc7de10afe530843e71dfb2e3872405191e8d14a,0x87e12da2cc07506c61a1863111e550f245c713d728d39daa55426d1cef438cba
111,2645.5026455026455,0.0005,0x8b24d80c6dd6e1af5a000e03ca8f00886a05f6f5,2017-09-15T04:24:55.000Z,0.000000189,0x93bf27a3512f28a4ce66ebd0bc0fc8dfd0602448,buy,0xbc7de10afe530843e71dfb2e3872405191e8d14a,0x9ea7d77a3f0c13a0766bf627139a3b0de60a436f242debc5fa85d6c69d7d9e75
112,0.000010376763157894,0.000000000001971585,0x7cc828c5bf60a16d87bba32899d9570b449091ff,2017-09-14T01:23:05.000Z,0.00000019000000000001,0xce385eb7ec5eb29302050828f69fcff5e0a88d14,buy,0xbc7de10afe530843e71dfb2e3872405191e8d14a,0xe43ae898b74c6172f9c08539721bad598ff359e6cadae2424405bf372f7249d8
113,2631.5789473684213,0.0005,0x4c2fb430e95954bcfa54ce4741a9fc2ff6e415ad,2017-09-13T21:16:42.000Z,0.00000019,0xce385eb7ec5eb29302050828f69fcff5e0a88d14,buy,0xbc7de10afe530843e71dfb2e3872405191e8d14a,0x00e4c73f8f99298efdd0a6e4d86d62204ec1b5a7fb93f670600596dd87d65e4f
114,125000,0.0125,0xdbbae39c54992479faac890e81eb4d8579b951d6,2017-09-13T18:23:26.000Z,0.0000001,0xbf0b2296d609d42cb138ee24cb546446fdd5bb97,buy,0xbc7de10afe530843e71dfb2e3872405191e8d14a,0x1e6273918a8599eee89ddc297b63027928717a4cf3e61c2698668de2deeae1dd
115,201005.025,0.039999999975,0x960b547fa23caeb25b9e36b915f58437a5db3405,2017-09-12T16:59:25.000Z,0.000000199,0x9adce261bd078192e788fd87e0112fa50ae5b770,buy,0xbc7de10afe530843e71dfb2e3872405191e8d14a,0x5c76a9bb36b7ad805b385e417268f1868b90dfcd7710b7ea03681a96f665cdfa
116,500000,0.075,0xde9816c2eddff1d26710053950380165e910916d,2017-09-11T21:44:29.000Z,0.00000015,0x9e6c03145b92c74b907cbcfe3fdadddfef3cec1e,buy,0xbc7de10afe530843e71dfb2e3872405191e8d14a,0x6172cda868d42130c4ebce1ce9447060100d81234d472eefd249f1dd39ca15b2
117,871000.58,0.1698451131,0xde9816c2eddff1d26710053950380165e910916d,2017-09-11T20:36:25.000Z,0.000000195,0x1fdf047bf7a114b37e7936d01e9cad754ad18803,buy,0xbc7de10afe530843e71dfb2e3872405191e8d14a,0x78511276b01eaf10d12ed6c2930d0e563804f944d7f7e53bfb796a9faeb4b9ee
118,17222.222,0.00309999996,0xde9816c2eddff1d26710053950380165e910916d,2017-09-11T20:36:25.000Z,0.00000018,0xce385eb7ec5eb29302050828f69fcff5e0a88d14,buy,0xbc7de10afe530843e71dfb2e3872405191e8d14a,0xa4ec8dd15bb15002956adce5448b4428ea3db8671f3be95acfefbc22fd123d2f
119,50000,0.0075,0x0024a5046fd95c5eee6db19a69ef7ed3bacd50f1,2017-09-11T19:25:21.000Z,0.00000015,0x9e6c03145b92c74b907cbcfe3fdadddfef3cec1e,buy,0xbc7de10afe530843e71dfb2e3872405191e8d14a,0x42feb93b992a7369e2f96c789c2634040e11aa4359f52d26e45db9a39300dcb1
120,31000,0.002604,0xc7b947e4bc5c789ae0fc5a4565c0d82ab7ca4642,2017-09-11T15:56:29.000Z,0.000000084,0x93bf27a3512f28a4ce66ebd0bc0fc8dfd0602448,sell,0xbc7de10afe530843e71dfb2e3872405191e8d14a,0xcec8fcba16cce3dc772cc2496147ba0a4dd8aa6c3693aaabbbdbc5da9eb8fd9d
121,49850.448654037886,0.004137587238285144,0xf0ddad1698eff75a3224765123bacde150fd825b,2017-09-10T06:09:07.000Z,0.000000083,0x6d3d0dfa885186833d6cf04f7890aab7d3b43cd1,sell,0xbc7de10afe530843e71dfb2e3872405191e8d14a,0xcb43946917e0c568ef1cdd5304e6f75f41a7a180c00bc0a3a1fb62f03118af35
122,2777.777777777778,0.0005,0x64b604630e055318093215b7ed41697ca4fb5de6,2017-09-10T04:10:39.000Z,0.00000018,0xce385eb7ec5eb29302050828f69fcff5e0a88d14,buy,0xbc7de10afe530843e71dfb2e3872405191e8d14a,0xcc0eddbe196ac16947a4ab8f7acc01677b1a2b57162c57f900710efba888ff82
123,20000,0.0036,0x57b6eb8d4511445761e7112d42374f6895a4ca08,2017-09-08T19:28:50.000Z,0.00000018,0x9e6c03145b92c74b907cbcfe3fdadddfef3cec1e,buy,0xbc7de10afe530843e71dfb2e3872405191e8d14a,0x882d22dd51e856bfdbda2b81e11f5ba4a4b679194a0e2f368a62e2c83919fcf2
124,266553.36357292393,0.021324269085833913,0x37dd4e5111c436147b1ff6821983bcf81fb23352,2017-09-08T18:06:17.000Z,0.00000008,0x52d0f87d3058eeba6261c34ae464cedc14fa644c,sell,0xbc7de10afe530843e71dfb2e3872405191e8d14a,0x88057c90d8bb8ea940aef2a0783e43aeb170e510d978bf0d78668abf04308f4e
125,5000,0.001,0xf81ab81ca1a6a19cc7b69b2c7876ff6543060598,2017-09-07T08:15:18.000Z,0.0000002,0xce385eb7ec5eb29302050828f69fcff5e0a88d14,buy,0xbc7de10afe530843e71dfb2e3872405191e8d14a,0x1f13afa2e985a040e93a310677daf328aa4fdb2491d8453e3c29f3dfa23a6331
126,200000,0.016,0x37dd4e5111c436147b1ff6821983bcf81fb23352,2017-09-07T04:31:33.000Z,0.00000008,0xc647e8be3a203a77a837e6a0436fd324b84f88df,sell,0xbc7de10afe530843e71dfb2e3872405191e8d14a,0x0df3276cdefbd164748bb281cd821f3d7373c9c28830c84e398aafeadb5ec9dd
127,100000,0.04,0xbf0b2296d609d42cb138ee24cb546446fdd5bb97,2017-09-04T15:35:04.000Z,0.0000004,0x946151fa04270a2d81ff3abc7f0648f1767a0fce,buy,0xbc7de10afe530843e71dfb2e3872405191e8d14a,0x2fe45fa2b0276b779bfc6796306ed54e56f4d3f90d1070fd68e68775a64b0d51
128,25000,0.00875,0xbf0b2296d609d42cb138ee24cb546446fdd5bb97,2017-09-04T15:33:16.000Z,0.00000035,0xb236b907580361fd4f87b759de68ca5c206644af,buy,0xbc7de10afe530843e71dfb2e3872405191e8d14a,0xaa312432c494f78d865cdf23400a15a3597ff56a810f76f03296d879413e0528
129,25000,0.005,0x7d114b5bc46a424a2818fdce8fe688ee5e8c41f5,2017-09-04T06:50:11.000Z,0.0000002,0x1fdf047bf7a114b37e7936d01e9cad754ad18803,buy,0xbc7de10afe530843e71dfb2e3872405191e8d14a,0x737c6e1a7e8c076db74416a84812960a3b63c59071ed5aee8ceeda93d3e2c932
130,100908,0.0201816,0xc647e8be3a203a77a837e6a0436fd324b84f88df,2017-09-03T16:01:30.000Z,0.0000002,0x1fdf047bf7a114b37e7936d01e9cad754ad18803,buy,0xbc7de10afe530843e71dfb2e3872405191e8d14a,0x155228f01a346fded5ef20c210fb6e4c07e183f5501f3dbcf40b9899226bf80f
131,1,0.0000002,0x244e9a7b7492a8432a35a2dcd4b5dd740fe4ad2a,2017-09-01T15:09:52.000Z,0.0000002,0x1fdf047bf7a114b37e7936d01e9cad754ad18803,buy,0xbc7de10afe530843e71dfb2e3872405191e8d14a,0x0f537fe8d02621e880e5eadcd5e6cd6999aa8d7e8ff6cca0629ac5c5d896af41
132,73333.333,0.0219999999,0x2dfe994c718d30fedff8c0bb890da6190f01b475,2017-09-01T14:39:24.000Z,0.0000003,0x9e6c03145b92c74b907cbcfe3fdadddfef3cec1e,buy,0xbc7de10afe530843e71dfb2e3872405191e8d14a,0xe14234df88787956e30cf527e53b56502115dfade8485f7c57475cbaa7b6b3f9
133,0.000000082246,0.000000000164492,0x39dc3f7adc8cad2b03c831c7771a25d4fb99021e,2017-09-01T06:46:07.000Z,0.002,0x680ea6597186219e9abfa407e1293d0635966847,buy,0xbc7de10afe530843e71dfb2e3872405191e8d14a,0x989caa3fad181f5122c2c102e6add0d25d39b14bbc7dc1d9f34f2889e0c88ae1
134,0.000000082,0.0082,0x0024a5046fd95c5eee6db19a69ef7ed3bacd50f1,2017-09-01T06:46:07.000Z,100000,0x39dc3f7adc8cad2b03c831c7771a25d4fb99021e,sell,0xbc7de10afe530843e71dfb2e3872405191e8d14a,0x989caa3fad181f5122c2c102e6add0d25d39b14bbc7dc1d9f34f2889e0c88ae1
135,341635.29289004084,0.027330823431203268,0x37dd4e5111c436147b1ff6821983bcf81fb23352,2017-08-30T17:02:21.000Z,0.00000008,0x160e89cddd33715969ea78c7228763728bb0a734,sell,0xbc7de10afe530843e71dfb2e3872405191e8d14a,0xf7f3f2f39346c9469672c56072eb710339c2b43414d95de7e3b33ca4a3bf44c1
136,99801.234,0.0099801234,0xc647e8be3a203a77a837e6a0436fd324b84f88df,2017-08-30T17:00:01.000Z,0.0000001,0x160e89cddd33715969ea78c7228763728bb0a734,sell,0xbc7de10afe530843e71dfb2e3872405191e8d14a,0x98784cb93695141ad2cf1fcc8adc0eb0aa4640e84ab1d9fbf407461965fb1f01
137,14000,0.00476,0xf5f87d0ec87abd66343fc4be7932df3d4f721468,2017-08-30T15:05:11.000Z,0.00000034,0xce385eb7ec5eb29302050828f69fcff5e0a88d14,buy,0xbc7de10afe530843e71dfb2e3872405191e8d14a,0x94928ebd0b9e471ca4385eb18f01945b3a2c8088421fc9ae7ca2abff821283aa
138,198.7657422592098,0.00001987657422592,0xc647e8be3a203a77a837e6a0436fd324b84f88df,2017-08-30T14:51:16.000Z,0.0000001,0x93bf27a3512f28a4ce66ebd0bc0fc8dfd0602448,sell,0xbc7de10afe530843e71dfb2e3872405191e8d14a,0xa7392502f69205dcebfc22effd392497178c4ba70c2b4f49b0380667ca87f32b
139,996909.5803010667,0.055826936496859735,0x1fdf047bf7a114b37e7936d01e9cad754ad18803,2017-08-29T01:15:45.000Z,0.000000056,0xa42108ee5272b33f7b712714b9352925d6ad6cb5,sell,0xbc7de10afe530843e71dfb2e3872405191e8d14a,0x0ee57753491bc6ab863f9d22102d9b79388ace9a7ed3e8e83c82220ed1b71cf2
140,267379.679,0.099999999946,0x52d0f87d3058eeba6261c34ae464cedc14fa644c,2017-08-28T23:22:29.000Z,0.000000374,0x9adce261bd078192e788fd87e0112fa50ae5b770,buy,0xbc7de10afe530843e71dfb2e3872405191e8d14a,0x42f8809178b8959b47002040bc85d1c96cd1e191ae57da8375fa72eb78f36773
141,114972.48901680355,0.04299971089228453,0x64dcca9d2091012bd3e1e5235d703f72f4d65746,2017-08-28T19:42:50.000Z,0.000000374,0x9adce261bd078192e788fd87e0112fa50ae5b770,buy,0xbc7de10afe530843e71dfb2e3872405191e8d14a,0x259a404b7cfdc4a24f9fd3fce02c21e2f0652eba98425bd71e2997a8290fa669
142,1000000,0.372,0x64dcca9d2091012bd3e1e5235d703f72f4d65746,2017-08-28T19:37:40.000Z,0.000000372,0x9e6c03145b92c74b907cbcfe3fdadddfef3cec1e,buy,0xbc7de10afe530843e71dfb2e3872405191e8d14a,0x7b58d52695c9b225a4c718a7043799554d63674ad4842889ed1851c00e131016
143,10000,0.00349,0x64dcca9d2091012bd3e1e5235d703f72f4d65746,2017-08-28T18:20:54.000Z,0.000000349,0xb236b907580361fd4f87b759de68ca5c206644af,buy,0xbc7de10afe530843e71dfb2e3872405191e8d14a,0xeddba12b28f18e52a073441281dcc35e4bcd20743109b1b6364f8aa9c0d57944
144,43750,0.01509375,0x64dcca9d2091012bd3e1e5235d703f72f4d65746,2017-08-28T18:20:51.000Z,0.000000345,0xc647e8be3a203a77a837e6a0436fd324b84f88df,buy,0xbc7de10afe530843e71dfb2e3872405191e8d14a,0xc0d3e27a5068507ad296987cdd5ae4f7297308e5885e57e6ce42c68dcbc0b1a5
145,442795,0.177118,0x160e89cddd33715969ea78c7228763728bb0a734,2017-08-26T03:45:38.000Z,0.0000004,0xce385eb7ec5eb29302050828f69fcff5e0a88d14,buy,0xbc7de10afe530843e71dfb2e3872405191e8d14a,0x451a2e56a5be20c2c471c40366c29853b8c7058bf03e31b7e3f257a8f86a5e1f
146,11685.014691956561,0.004440305582943493,0xff64f34e8511693e3dffa0e1fe037a6a65f3937b,2017-08-25T23:34:48.000Z,0.00000038,0x1fdf047bf7a114b37e7936d01e9cad754ad18803,buy,0xbc7de10afe530843e71dfb2e3872405191e8d14a,0x32a84c0b99d5d897b87002f2589c7da1bcc67e6b322114f1254a5cd7c4a1fe3b
147,0.000000000252631578,0.000000000000000096,0x8d0aaa2afc3648d8619cbc46f2ff7e1fcbc8a463,2017-08-25T18:47:39.000Z,0.000000380000001425,0x1fdf047bf7a114b37e7936d01e9cad754ad18803,buy,0xbc7de10afe530843e71dfb2e3872405191e8d14a,0xc9a8594f5a857b8863ee06cc7dfeef4133e3ee8c1bd27cace64926765940a04e
148,0.000002522734210526,0.000000000000958639,0x8d0aaa2afc3648d8619cbc46f2ff7e1fcbc8a463,2017-08-25T18:45:05.000Z,0.00000038000000000005,0x1fdf047bf7a114b37e7936d01e9cad754ad18803,buy,0xbc7de10afe530843e71dfb2e3872405191e8d14a,0x53051b65af924b0f882c6a44ce9dedcc72803fc1a55a82250a88fc4a75991aa3
149,0.02530552045263158,0.000000009616097772,0x8d0aaa2afc3648d8619cbc46f2ff7e1fcbc8a463,2017-08-25T18:43:00.000Z,0.00000038,0x1fdf047bf7a114b37e7936d01e9cad754ad18803,buy,0xbc7de10afe530843e71dfb2e3872405191e8d14a,0x63b5e83e83195b06f9de95bb533f300099ca68212901e0f4602dad95ac2517c5
150,2,0.0000008,0xbb325a2ee38566c7a03010b2c4929fd99861bf36,2017-08-25T12:08:34.000Z,0.0000004,0xce385eb7ec5eb29302050828f69fcff5e0a88d14,buy,0xbc7de10afe530843e71dfb2e3872405191e8d14a,0x20daf6cef85c63692901173d18334542e57441178858428c4f6129663865d661
151,10000,0.003,0x680ea6597186219e9abfa407e1293d0635966847,2017-08-25T10:26:46.000Z,0.0000003,0x1fdf047bf7a114b37e7936d01e9cad754ad18803,buy,0xbc7de10afe530843e71dfb2e3872405191e8d14a,0x3c476acf8abb9778366a54d48e62eb0b292d260d4b8f3bbfeec09c3111a66e99
152,10000,0.003,0x37dd4e5111c436147b1ff6821983bcf81fb23352,2017-08-25T09:40:46.000Z,0.0000003,0x1fdf047bf7a114b37e7936d01e9cad754ad18803,buy,0xbc7de10afe530843e71dfb2e3872405191e8d14a,0x2706d108d0715aa0f70ba6fa60564b3db5f455b96fd1690aba18ae8245a8a292
153,100000,0.0401,0x75afb59a7ab4e4321a0816e1442de02432dfef88,2017-08-25T05:24:03.000Z,0.000000401,0xcdb1978195f0f6694d0fc4c5770660f12aad65c3,buy,0xbc7de10afe530843e71dfb2e3872405191e8d14a,0x924939cda5dac47c6da094253171a78edbcead731aab0254d5268e66f177c41d
154,10000,0.003,0x75afb59a7ab4e4321a0816e1442de02432dfef88,2017-08-25T05:21:16.000Z,0.0000003,0x1fdf047bf7a114b37e7936d01e9cad754ad18803,buy,0xbc7de10afe530843e71dfb2e3872405191e8d14a,0xa9e4e4e9a23a951f343124377498cf6a6bd08a7f0f104325006f5f41574ae0b0
155,25000,0.00625,0x75afb59a7ab4e4321a0816e1442de02432dfef88,2017-08-25T05:15:14.000Z,0.00000025,0x946151fa04270a2d81ff3abc7f0648f1767a0fce,buy,0xbc7de10afe530843e71dfb2e3872405191e8d14a,0x32ed587aeb047c6a115ffa839d1de66754f3cb751229d798856d5621e62bbe6e
156,899700,0.2240253,0xce385eb7ec5eb29302050828f69fcff5e0a88d14,2017-08-25T03:05:22.000Z,0.000000249,0x3f8ae550686098f2e0aed551630151516d58de06,buy,0xbc7de10afe530843e71dfb2e3872405191e8d14a,0xab3788ba6223c4bc42875a963450b07f4d286fe0f6f2b73e02bbd4b8a9a1db8d
157,442797.618,0.0885595236,0xce385eb7ec5eb29302050828f69fcff5e0a88d14,2017-08-25T03:00:38.000Z,0.0000002,0x1a4ef01b36759e440dc7e95c9e9bc7800df147d7,buy,0xbc7de10afe530843e71dfb2e3872405191e8d14a,0x6cbe0167bd65afd577ae420ce196902063862d162b33b74305b9f93114f7a032
158,1000000,0.5,0xea78353c06b33968a19753fc6d765c90978bd5d9,2017-08-25T02:35:26.000Z,0.0000005,0x1657e36d67e3ca976cb3990cb611b061244a5680,buy,0xbc7de10afe530843e71dfb2e3872405191e8d14a,0xcd0c9ecfad093edc4919eb3b53c6a2560b50589a03ecbb14235133caf2a5c300
159,6180.839,0.0012361678,0x9e6c03145b92c74b907cbcfe3fdadddfef3cec1e,2017-08-24T22:50:24.000Z,0.0000002,0x1a4ef01b36759e440dc7e95c9e9bc7800df147d7,sell,0xbc7de10afe530843e71dfb2e3872405191e8d14a,0xbdcd871541ab48d6dce89308b81f673fabc49230b767d2e8dbc7a3bf43bd16c1
160,1993819.1606021335,0.39876383212042665,0x9e6c03145b92c74b907cbcfe3fdadddfef3cec1e,2017-08-24T22:26:10.000Z,0.0000002,0x93bf27a3512f28a4ce66ebd0bc0fc8dfd0602448,sell,0xbc7de10afe530843e71dfb2e3872405191e8d14a,0xd0a32d8d7285c9e85a99f57e32db48897b9e89b8a122c5c61a78fc08d3afee77
161,50000,0.01,0x6d3d0dfa885186833d6cf04f7890aab7d3b43cd1,2017-08-24T19:57:34.000Z,0.0000002,0x1a4ef01b36759e440dc7e95c9e9bc7800df147d7,buy,0xbc7de10afe530843e71dfb2e3872405191e8d14a,0x70e34c057f50cc522b35e7df3c06b52268f978b33b87cab5054e4867864a0ec0
162,25000,0.006,0xc647e8be3a203a77a837e6a0436fd324b84f88df,2017-08-24T14:59:41.000Z,0.00000024,0xb236b907580361fd4f87b759de68ca5c206644af,buy,0xbc7de10afe530843e71dfb2e3872405191e8d14a,0x56ebd00e87531a6040bbb67af56fd50322d9d885967b9b36c952a2490ea37a0c
163,1000,0.000081,0x8379fc96ef046ec38ce6b71fe9e0936681e44a72,2017-08-23T01:39:36.000Z,0.000000081,0x1a4ef01b36759e440dc7e95c9e9bc7800df147d7,sell,0xbc7de10afe530843e71dfb2e3872405191e8d14a,0xb62c79c1307348db325ed3da6d4af996627559f4b349073cb8acb278880e6450
164,500000,0.15,0x37dd4e5111c436147b1ff6821983bcf81fb23352,2017-08-22T22:26:27.000Z,0.0000003,0x1a4ef01b36759e440dc7e95c9e9bc7800df147d7,buy,0xbc7de10afe530843e71dfb2e3872405191e8d14a,0x4fc74a3d25f52f151cc946c795aff7ad993bc58c607c19f319b04e4aa5f8ba54
165,100000,0.045,0x5d5c9b1338e2256992bf84b53463d90f65f7289d,2017-08-22T22:17:20.000Z,0.00000045,0x3f8ae550686098f2e0aed551630151516d58de06,sell,0xbc7de10afe530843e71dfb2e3872405191e8d14a,0x769ca150ad1015e6a1324d8184e64be58dd73d3dbfc94baecb5bdfc65a63eca4
166,4.155207349940051,0.000000415520734994,0x1fdf047bf7a114b37e7936d01e9cad754ad18803,2017-08-22T04:58:43.000Z,0.0000001,0x385a48789c132e8a748b1baa8b4d28842490d580,sell,0xbc7de10afe530843e71dfb2e3872405191e8d14a,0x5df012984b14aec315e6fb6aa6ee13ca24ffc32567dc2e227c835205660e0a2b
167,41680.884927248655,0.004168088492724865,0x1fdf047bf7a114b37e7936d01e9cad754ad18803,2017-08-22T04:23:56.000Z,0.0000001,0x385a48789c132e8a748b1baa8b4d28842490d580,sell,0xbc7de10afe530843e71dfb2e3872405191e8d14a,0xa4daa9f56b7768273b543b8070d24ba8a386c84d6a5ae6fd999fb1839030a5aa
168,50000,0.0075,0xb236b907580361fd4f87b759de68ca5c206644af,2017-08-22T04:05:59.000Z,0.00000015,0x385a48789c132e8a748b1baa8b4d28842490d580,sell,0xbc7de10afe530843e71dfb2e3872405191e8d14a,0x4e58e76613e97ca331d61c5b3a2810a7edb8d80b4174d1752ae4fdf9dd46ef64
169,1000000,0.151,0x3f8ae550686098f2e0aed551630151516d58de06,2017-08-22T04:03:12.000Z,0.000000151,0x385a48789c132e8a748b1baa8b4d28842490d580,sell,0xbc7de10afe530843e71dfb2e3872405191e8d14a,0x777f8a727dcce1d79aa45cde247f2f2d36c9712da5dcbea29b65685d6da4d992
170,30000,0.006,0x063827eeb75513d9408913fcb2218a1798ecb1cb,2017-08-22T04:01:12.000Z,0.0000002,0x385a48789c132e8a748b1baa8b4d28842490d580,sell,0xbc7de10afe530843e71dfb2e3872405191e8d14a,0xdd15e085a5dfc737d52b8637535c20953f45f2877571a8d68e3f8691b600ca35
171,48.896985988377764,0.000014180125936629,0x9adce261bd078192e788fd87e0112fa50ae5b770,2017-08-21T20:09:19.000Z,0.00000028999999999999,0x98b31d397cb7ecffe83167cef2c9f13e9722071e,sell,0xbc7de10afe530843e71dfb2e3872405191e8d14a,0xaa0cd05fc3de3eef200c4cdfba776e31a58743329581f6bb67d1fd4824beae00
172,490485.66644941736,0.142240843270331,0x9adce261bd078192e788fd87e0112fa50ae5b770,2017-08-21T20:08:33.000Z,0.00000029,0x98b31d397cb7ecffe83167cef2c9f13e9722071e,sell,0xbc7de10afe530843e71dfb2e3872405191e8d14a,0x46f53f9be69009be29ec652fe6f0601f147ab1e0bfd8ccc45488c9a12321d12c
173,7186.539835681762,0.002299692747418164,0x85a4ad1b10e2b8242d88961cbdd40fb3a0c964c6,2017-08-21T19:20:42.000Z,0.00000032,0x385a48789c132e8a748b1baa8b4d28842490d580,sell,0xbc7de10afe530843e71dfb2e3872405191e8d14a,0xa6d8fb75732b24a3814e7b9df2cdca088c524ea353b233d6150e6694de922c48
174,1280000,0.448,0x85a4ad1b10e2b8242d88961cbdd40fb3a0c964c6,2017-08-21T19:18:33.000Z,0.00000035,0x385a48789c132e8a748b1baa8b4d28842490d580,sell,0xbc7de10afe530843e71dfb2e3872405191e8d14a,0xcea62985549c35d939b2c1d96a03b94ff1596adde9d8e1a6bf06ccc2d6952154
175,129000,0.0387,0x93bf27a3512f28a4ce66ebd0bc0fc8dfd0602448,2017-08-21T17:37:04.000Z,0.0000003,0x385a48789c132e8a748b1baa8b4d28842490d580,sell,0xbc7de10afe530843e71dfb2e3872405191e8d14a,0xe19a8219ff4fe7715e32624a3666cd38196710c895f921f8f6d482d027af37db
176,6143.348783129052,0.02449353159833553,0xc647e8be3a203a77a837e6a0436fd324b84f88df,2017-08-21T05:36:34.000Z,0.000003987,0x0f7ce02f8af040579eb7a93549bdcc965fa8eb7b,buy,0xbc7de10afe530843e71dfb2e3872405191e8d14a,0x3ece1fe49632e5cc16605a5d02fe16dd6e422187924555a45ab983962eeb2e82
177,6993.82798458947,0.002797531193835788,0xc647e8be3a203a77a837e6a0436fd324b84f88df,2017-08-21T05:34:32.000Z,0.0000004,0xb569c6d4e8d0eb4ab35db8bb5d452c3ac9bc8e5a,buy,0xbc7de10afe530843e71dfb2e3872405191e8d14a,0x882c0029941027c886b7be990acee6b8a61f389e0ce9d1e8eb2eca441bd00028
178,491998.71829760657,0.19679948731904262,0x98b31d397cb7ecffe83167cef2c9f13e9722071e,2017-08-21T05:34:15.000Z,0.0000004,0xb569c6d4e8d0eb4ab35db8bb5d452c3ac9bc8e5a,buy,0xbc7de10afe530843e71dfb2e3872405191e8d14a,0xad478449c61911e75e8870d34770aeebbb47d7fa9b36a18aa5cbdf2162ad6786
179,7.45371780396,0.000002981487121584,0x98b31d397cb7ecffe83167cef2c9f13e9722071e,2017-08-21T05:33:42.000Z,0.0000004,0xb569c6d4e8d0eb4ab35db8bb5d452c3ac9bc8e5a,buy,0xbc7de10afe530843e71dfb2e3872405191e8d14a,0x1139c645ad79965534776b6a0f818e9d48ca8943ae2bab4649fddaf42adfb2b3
180,10000,0.039,0x385a48789c132e8a748b1baa8b4d28842490d580,2017-08-21T04:28:39.000Z,0.0000039,0xb236b907580361fd4f87b759de68ca5c206644af,buy,0xbc7de10afe530843e71dfb2e3872405191e8d14a,0x2b8a80a393fef419038c0d4eac7724fa291c52a8887a0861300162b892794b42
181,90000,0.351,0x6d57996140600cef8d291591101a9b433c3ad166,2017-08-21T02:09:02.000Z,0.0000039,0x93bf27a3512f28a4ce66ebd0bc0fc8dfd0602448,buy,0xbc7de10afe530843e71dfb2e3872405191e8d14a,0x75aabe91c9e919bd8108647e7e353b89a3e4b9e11818c088ee85e476a1036e56
182,9000,0.0261,0x6d57996140600cef8d291591101a9b433c3ad166,2017-08-21T02:08:36.000Z,0.0000029,0x93bf27a3512f28a4ce66ebd0bc0fc8dfd0602448,buy,0xbc7de10afe530843e71dfb2e3872405191e8d14a,0xda0a5f76c2a1d937250195122c966bfb775971aa443a1325b78c21ba91bc03df
183,20000,0.04,0x6d57996140600cef8d291591101a9b433c3ad166,2017-08-21T02:08:36.000Z,0.000002,0x93bf27a3512f28a4ce66ebd0bc0fc8dfd0602448,buy,0xbc7de10afe530843e71dfb2e3872405191e8d14a,0xbeff305815f5522dedcb94d129eeb50e0d489fdba906989f4e07a2b680061ba9
184,10449,0.020898,0x6d57996140600cef8d291591101a9b433c3ad166,2017-08-21T02:08:27.000Z,0.000002,0x0092a51120447aedd3abe6b400c35c51f5f64af1,buy,0xbc7de10afe530843e71dfb2e3872405191e8d14a,0xfc8e4b1e29d9343728457ae64a6b93e12e629b036b66a37cb1a6889408672ae5
185,15000,0.02982,0x385a48789c132e8a748b1baa8b4d28842490d580,2017-08-21T00:29:03.000Z,0.000001988,0xb236b907580361fd4f87b759de68ca5c206644af,buy,0xbc7de10afe530843e71dfb2e3872405191e8d14a,0x0b044dbf5650ad2b2ea3e96c3002af7cea4b06345dd4ab95ba706be883d23c6b
186,10000,0.019,0x385a48789c132e8a748b1baa8b4d28842490d580,2017-08-21T00:22:49.000Z,0.0000019,0x93bf27a3512f28a4ce66ebd0bc0fc8dfd0602448,buy,0xbc7de10afe530843e71dfb2e3872405191e8d14a,0xff12380ada8c1f8c619fbfcd9e4cecd0de6da56af0c2285efc89825758912c55
187,279395,0.530571105,0x385a48789c132e8a748b1baa8b4d28842490d580,2017-08-21T00:20:39.000Z,0.000001899,0x0f7ce02f8af040579eb7a93549bdcc965fa8eb7b,buy,0xbc7de10afe530843e71dfb2e3872405191e8d14a,0xb1c2c61a81400e5ee7363162bff045da3d2d0641d7225a71f40ead871e74d5b8
188,168500,0.3199815,0x385a48789c132e8a748b1baa8b4d28842490d580,2017-08-21T00:12:04.000Z,0.000001899,0x0f7ce02f8af040579eb7a93549bdcc965fa8eb7b,buy,0xbc7de10afe530843e71dfb2e3872405191e8d14a,0xd8e7aa9ace18b1ef1029a311f9b150f0acd6ecffdc14f94f03cc559f66a52ee9
189,10449.826073730685,0.020899652147461367,0x0092a51120447aedd3abe6b400c35c51f5f64af1,2017-08-20T22:37:15.000Z,0.000002,0x1657e36d67e3ca976cb3990cb611b061244a5680,buy,0xbc7de10afe530843e71dfb2e3872405191e8d14a,0xbac983be542af8c629861adccce0445ad5fdf3c71482370a166ed70d54445651
190,15000,0.01125,0x385a48789c132e8a748b1baa8b4d28842490d580,2017-08-20T21:18:37.000Z,0.00000075,0xb236b907580361fd4f87b759de68ca5c206644af,buy,0xbc7de10afe530843e71dfb2e3872405191e8d14a,0xeae21912c23bef4f669eae96365b2119710d09c75457e237d604db9f5d5629c1
191,2500000.512,1.000000205,0x385a48789c132e8a748b1baa8b4d28842490d580,2017-08-20T21:12:01.000Z,0.00000040000000008,0xb569c6d4e8d0eb4ab35db8bb5d452c3ac9bc8e5a,buy,0xbc7de10afe530843e71dfb2e3872405191e8d14a,0x8c71738bcd7023e49659328613a4e864f6a8cbf6a87a05df803d158772799e21
192,1061583.516,0.4246334064,0x385a48789c132e8a748b1baa8b4d28842490d580,2017-08-20T21:12:01.000Z,0.0000004,0x1fdf047bf7a114b37e7936d01e9cad754ad18803,buy,0xbc7de10afe530843e71dfb2e3872405191e8d14a,0x2fd2bfc30519994b478ec710ceb5421c2a5369fe873a91d4fdd814f1a2a8bd0a
193,1000000,0.705,0xce385eb7ec5eb29302050828f69fcff5e0a88d14,2017-08-20T19:36:37.000Z,0.000000705,0xce385eb7ec5eb29302050828f69fcff5e0a88d14,buy,0xbc7de10afe530843e71dfb2e3872405191e8d14a,0x980e35d813076b9efdcbf9c2ddc9e9d7ebed4ef90b422c26914ebac872870da1
194,100000,0.06,0x6d57996140600cef8d291591101a9b433c3ad166,2017-08-20T16:39:35.000Z,0.0000006,0xf886430d4dd16f0bd90a21a12d63a88bfac3a7ce,buy,0xbc7de10afe530843e71dfb2e3872405191e8d14a,0x39d8ef951c909a948d4378f0e099d8c9a017fe78a2116ac611b61afc72cc1d89
195,1400000,0.4886,0x6d57996140600cef8d291591101a9b433c3ad166,2017-08-20T16:36:07.000Z,0.000000349,0xa36a24233168cca326767224ad7e7006a5cb6bb7,buy,0xbc7de10afe530843e71dfb2e3872405191e8d14a,0x88181a509d61a411b2eac56acf8eb92931cd49ad2be2a177d91b6c24775362b3
196,10000,0.0033,0x6d57996140600cef8d291591101a9b433c3ad166,2017-08-20T16:33:53.000Z,0.00000033,0xce385eb7ec5eb29302050828f69fcff5e0a88d14,buy,0xbc7de10afe530843e71dfb2e3872405191e8d14a,0xc52f5bc9dbfc558262f9d7a2616a019f3e3a8d7143858cf84abd8f1c3a93ce2a
197,39605.54186121911,0.011881662558365735,0x6d57996140600cef8d291591101a9b433c3ad166,2017-08-20T16:33:53.000Z,0.0000003,0x1fdf047bf7a114b37e7936d01e9cad754ad18803,buy,0xbc7de10afe530843e71dfb2e3872405191e8d14a,0xc694e99f83d50fe048ff5cdcc23d349da0ce38de4025a737f67e0d3d0f48f4aa
198,35291.65199416334,0.009881662558365735,0x6d57996140600cef8d291591101a9b433c3ad166,2017-08-20T16:31:23.000Z,0.00000028,0x1fdf047bf7a114b37e7936d01e9cad754ad18803,buy,0xbc7de10afe530843e71dfb2e3872405191e8d14a,0xad0475bfe519dc0bb8e7dcdd8d815ac469bce4bae9d807c7fde3f44a2d43fe17
199,60394.45813878089,0.018118337441634266,0x6d57996140600cef8d291591101a9b433c3ad166,2017-08-20T16:29:23.000Z,0.0000003,0x1fdf047bf7a114b37e7936d01e9cad754ad18803,buy,0xbc7de10afe530843e71dfb2e3872405191e8d14a,0xf7a2c52a81aabad9519e7849c91a52459a793188ee712bcfaf18815e5c6ffcd3
200,64708.34800583666,0.018118337441634266,0x6d57996140600cef8d291591101a9b433c3ad166,2017-08-20T16:27:55.000Z,0.00000028,0x1fdf047bf7a114b37e7936d01e9cad754ad18803,buy,0xbc7de10afe530843e71dfb2e3872405191e8d14a,0xe9bc3985978d6c4d0cab5f08717a201269933d9a1b581538d4fb4eb61889e43b
201,100000,0.025,0x75afb59a7ab4e4321a0816e1442de02432dfef88,2017-08-20T14:36:20.000Z,0.00000025,0x1fdf047bf7a114b37e7936d01e9cad754ad18803,buy,0xbc7de10afe530843e71dfb2e3872405191e8d14a,0xee1611877b8ab3b781f0302a573443fefaf62b9649eb6b710a7034815f2aadd1
202,16000,0.004784,0x4e68b33241858b3e4718af994e94ae11fbdc9b2d,2017-08-19T21:44:52.000Z,0.000000299,0x0f7ce02f8af040579eb7a93549bdcc965fa8eb7b,buy,0xbc7de10afe530843e71dfb2e3872405191e8d14a,0x574c500a1f318d6b8b9e85fd8f8a41faeaf7f9155acd560c14f13f8509fc07f3
203,100000,0.038,0xce385eb7ec5eb29302050828f69fcff5e0a88d14,2017-08-19T20:01:29.000Z,0.00000038,0xce385eb7ec5eb29302050828f69fcff5e0a88d14,buy,0xbc7de10afe530843e71dfb2e3872405191e8d14a,0x1ed3b7377d87d2d9478a73133745985f099c2133687840f9467b4cca84de8c7b
204,1285115.6231751752,0.006425578115875876,0x3318a522d8f4bf552f7e57961356e4639d77db96,2017-08-19T17:36:33.000Z,0.000000005,0xb569c6d4e8d0eb4ab35db8bb5d452c3ac9bc8e5a,sell,0xbc7de10afe530843e71dfb2e3872405191e8d14a,0xd8451ee033b165a0bbf4ef828f76383df186995ae0c3ccda5b739b094368a3ce
205,100000,0.031,0x6d57996140600cef8d291591101a9b433c3ad166,2017-08-19T14:52:31.000Z,0.00000031,0x1fdf047bf7a114b37e7936d01e9cad754ad18803,buy,0xbc7de10afe530843e71dfb2e3872405191e8d14a,0x1716fc25af7b049ed3964ce63fa56697459161d23b6a64fe16255ad8b1ed88d7
206,162442.76148854545,0.04061069037213636,0x6d57996140600cef8d291591101a9b433c3ad166,2017-08-19T14:49:37.000Z,0.00000025,0x1fdf047bf7a114b37e7936d01e9cad754ad18803,buy,0xbc7de10afe530843e71dfb2e3872405191e8d14a,0x7fffa40dde49cbd411e9cb76f0761fe0272ceca8f720fa9201109552c9a9a698
207,1069.23824408316,0.00026730956102079,0x6d57996140600cef8d291591101a9b433c3ad166,2017-08-19T14:44:57.000Z,0.00000025,0x1fdf047bf7a114b37e7936d01e9cad754ad18803,buy,0xbc7de10afe530843e71dfb2e3872405191e8d14a,0xd6f148cc55acffc46b9ce500d52d83205ac2ca2eda83c4f1c5a40a1fcb0dadd9
208,0.000267371392,0.000000000066842848,0x29dcd67307045880f2db4d003c79ef0e635b1031,2017-08-19T13:11:58.000Z,0.00000025,0x1fdf047bf7a114b37e7936d01e9cad754ad18803,buy,0xbc7de10afe530843e71dfb2e3872405191e8d14a,0xfee34d375c886aa95d653cdec1eab8fb57f3811143d32f52128f9dd630b97d96
209,10000,0.002,0xb236b907580361fd4f87b759de68ca5c206644af,2017-08-19T10:22:29.000Z,0.0000002,0x1fdf047bf7a114b37e7936d01e9cad754ad18803,sell,0xbc7de10afe530843e71dfb2e3872405191e8d14a,0xaed9174512d7136a6d65e493e78332bb786d741fa952c7712fbffd36b8e629cb
210,40000,0.01,0xb236b907580361fd4f87b759de68ca5c206644af,2017-08-18T16:58:12.000Z,0.00000025,0x1fdf047bf7a114b37e7936d01e9cad754ad18803,buy,0xbc7de10afe530843e71dfb2e3872405191e8d14a,0x96f8570a4476446800f950d44dedbf282c9942f7a16f25869f25cf3bab8fd634
211,60000,0.015,0x8d6e0a79003a9d49e68a6b82bbd497189f019905,2017-08-18T06:58:42.000Z,0.00000025,0x1fdf047bf7a114b37e7936d01e9cad754ad18803,buy,0xbc7de10afe530843e71dfb2e3872405191e8d14a,0x7b1f207469b0e03002c9c34d3b69fb588047e03547c367a9b84e1869e2fa2817
212,66665,0.0199995,0xa1470e5869bea8324b44b92a66440f7ffc3a01ff,2017-08-17T10:55:07.000Z,0.0000003,0x1fdf047bf7a114b37e7936d01e9cad754ad18803,buy,0xbc7de10afe530843e71dfb2e3872405191e8d14a,0xd341ccd2163b8f403110e1d51493410e75b50bf62bec1a12eb36a5f10312aa68
213,66749.80077974846,0.020024940233924537,0x4cc4bd0a8fc9bdb97791e44dc5e661b8c461c98b,2017-08-16T14:02:25.000Z,0.0000003,0x1fdf047bf7a114b37e7936d01e9cad754ad18803,buy,0xbc7de10afe530843e71dfb2e3872405191e8d14a,0xc7ea5035df888ce3125c92a994b96a3f451b3e1a3dac9f8a1d1b35c0fc524848
